dgst;cpe_matches;verified_cpe_matches
6ff89f3123a6a98f;{'cpe:2.3:a:infineon:rsa_library:1.02.013:*:*:*:*:*:*:*'};{'cpe:2.3:a:infineon:rsa_library:1.02.013:*:*:*:*:*:*:*'}
3547f0d70f3bba57;{'cpe:2.3:o:huawei:emui:11.0.1:*:*:*:*:*:*:*', 'cpe:2.3:a:huawei:emui:11.0.1:*:*:*:*:*:*:*', 'cpe:2.3:a:huawei:emui:11.0.0:*:*:*:*:*:*:*', 'cpe:2.3:o:huawei:emui:11.0.0:*:*:*:*:*:*:*'};{'cpe:2.3:o:huawei:emui:11.0.1:*:*:*:*:*:*:*', 'cpe:2.3:a:huawei:emui:11.0.1:*:*:*:*:*:*:*', 'cpe:2.3:a:huawei:emui:11.0.0:*:*:*:*:*:*:*', 'cpe:2.3:o:huawei:emui:11.0.0:*:*:*:*:*:*:*'}
bb39ab85191c0877;{'cpe:2.3:o:hp:futuresmart_4:-:*:*:*:*:*:*:*', 'cpe:2.3:h:hp:laserjet_4:-:*:*:*:*:*:*:*'};{'cpe:2.3:o:hp:futuresmart_4:-:*:*:*:*:*:*:*'}
20f3c68a48518839;{'cpe:2.3:h:hp:pagewide_enterprise_color_mfp_586:-:*:*:*:*:*:*:*', 'cpe:2.3:o:hp:laserjet_enterprise_mfp_m725_firmware:-:*:*:*:*:*:*:*', 'cpe:2.3:o:hp:pagewide_enterprise_color_mfp_586_firmware:-:*:*:*:*:*:*:*', 'cpe:2.3:o:hp:futuresmart_4:-:*:*:*:*:*:*:*', 'cpe:2.3:h:hp:laserjet_4:-:*:*:*:*:*:*:*', 'cpe:2.3:o:hp:laserjet_enterprise_flow_mfp_m830_firmware:-:*:*:*:*:*:*:*', 'cpe:2.3:h:hp:laserjet_enterprise_mfp_m725:-:*:*:*:*:*:*:*', 'cpe:2.3:h:hp:laserjet_enterprise_flow_mfp_m830:-:*:*:*:*:*:*:*'};{'cpe:2.3:h:hp:pagewide_enterprise_color_mfp_586:-:*:*:*:*:*:*:*', 'cpe:2.3:o:hp:laserjet_enterprise_mfp_m725_firmware:-:*:*:*:*:*:*:*', 'cpe:2.3:o:hp:pagewide_enterprise_color_mfp_586_firmware:-:*:*:*:*:*:*:*', 'cpe:2.3:o:hp:futuresmart_4:-:*:*:*:*:*:*:*', 'cpe:2.3:o:hp:laserjet_enterprise_flow_mfp_m830_firmware:-:*:*:*:*:*:*:*', 'cpe:2.3:h:hp:laserjet_enterprise_mfp_m725:-:*:*:*:*:*:*:*', 'cpe:2.3:h:hp:laserjet_enterprise_flow_mfp_m830:-:*:*:*:*:*:*:*'}
5cf2fc2f91be00b1;{'cpe:2.3:o:hp:pagewide_enterprise_color_mfp_586_firmware:-:*:*:*:*:*:*:*', 'cpe:2.3:o:hp:futuresmart_4:-:*:*:*:*:*:*:*', 'cpe:2.3:h:hp:pagewide_enterprise_color_mfp_586:-:*:*:*:*:*:*:*', 'cpe:2.3:h:hp:laserjet_4:-:*:*:*:*:*:*:*'};{'cpe:2.3:o:hp:pagewide_enterprise_color_mfp_586_firmware:-:*:*:*:*:*:*:*', 'cpe:2.3:o:hp:futuresmart_4:-:*:*:*:*:*:*:*', 'cpe:2.3:h:hp:pagewide_enterprise_color_mfp_586:-:*:*:*:*:*:*:*'}
9a93835ce90411fe;{'cpe:2.3:h:hp:color_laserjet_enterprise_mfp_m680:-:*:*:*:*:*:*:*', 'cpe:2.3:h:hp:laserjet_enterprise_flow_mfp_m525:-:*:*:*:*:*:*:*', 'cpe:2.3:h:hp:laserjet_enterprise_flow_mfp_m632:-:*:*:*:*:*:*:*', 'cpe:2.3:h:hp:color_laserjet_enterprise_mfp_m682:-:*:*:*:*:*:*:*', 'cpe:2.3:h:hp:color_laserjet_enterprise_flow_mfp_m681z:-:*:*:*:*:*:*:*', 'cpe:2.3:h:hp:color_laserjet_enterprise_flow_mfp_m682z:-:*:*:*:*:*:*:*', 'cpe:2.3:h:hp:laserjet_enterprise_color_flow_mfp_m575:-:*:*:*:*:*:*:*', 'cpe:2.3:h:hp:laserjet_enterprise_flow_mfp_m631:-:*:*:*:*:*:*:*', 'cpe:2.3:h:hp:color_laserjet_enterprise_flow_mfp_m681f:-:*:*:*:*:*:*:*', 'cpe:2.3:h:hp:color_laserjet_enterprise_mfp_m681:-:*:*:*:*:*:*:*', 'cpe:2.3:h:hp:color_laserjet_enterprise_mfp_m577:-:*:*:*:*:*:*:*', 'cpe:2.3:h:hp:laserjet_enterprise_flow_mfp_m633:-:*:*:*:*:*:*:*', 'cpe:2.3:h:hp:laserjet_enterprise_flow_mfp_m830:-:*:*:*:*:*:*:*', 'cpe:2.3:h:hp:laserjet_enterprise_color_flow_mfp_m575c:-:*:*:*:*:*:*:*', 'cpe:2.3:h:hp:laserjet_enterprise_flow_mfp_m630:-:*:*:*:*:*:*:*'};
d4907ba086d84907;{'cpe:2.3:h:lexmark:cs622:-:*:*:*:*:*:*:*', 'cpe:2.3:h:lexmark:ms826:-:*:*:*:*:*:*:*', 'cpe:2.3:h:lexmark:cs820:-:*:*:*:*:*:*:*', 'cpe:2.3:h:lexmark:ms822:-:*:*:*:*:*:*:*', 'cpe:2.3:o:lexmark:ms822_firmware:-:*:*:*:*:*:*:*', 'cpe:2.3:o:lexmark:cs921_firmware:-:*:*:*:*:*:*:*', 'cpe:2.3:h:lexmark:ms622:-:*:*:*:*:*:*:*', 'cpe:2.3:h:lexmark:cs923:-:*:*:*:*:*:*:*', 'cpe:2.3:o:lexmark:cs923_firmware:-:*:*:*:*:*:*:*', 'cpe:2.3:o:lexmark:cs622_firmware:-:*:*:*:*:*:*:*', 'cpe:2.3:o:lexmark:cs720_firmware:-:*:*:*:*:*:*:*', 'cpe:2.3:o:lexmark:cs820_firmware:-:*:*:*:*:*:*:*', 'cpe:2.3:h:lexmark:cs720:-:*:*:*:*:*:*:*', 'cpe:2.3:o:lexmark:cs725_firmware:-:*:*:*:*:*:*:*', 'cpe:2.3:h:lexmark:cs921:-:*:*:*:*:*:*:*', 'cpe:2.3:o:lexmark:ms622_firmware:-:*:*:*:*:*:*:*', 'cpe:2.3:o:lexmark:ms826_firmware:-:*:*:*:*:*:*:*', 'cpe:2.3:h:lexmark:cs725:-:*:*:*:*:*:*:*'};{'cpe:2.3:h:lexmark:cs820:-:*:*:*:*:*:*:*', 'cpe:2.3:h:lexmark:ms822:-:*:*:*:*:*:*:*', 'cpe:2.3:o:lexmark:cs923_firmware:-:*:*:*:*:*:*:*', 'cpe:2.3:h:lexmark:c6160:-:*:*:*:*:*:*:*', 'cpe:2.3:o:lexmark:ms622_firmware:-:*:*:*:*:*:*:*', 'cpe:2.3:h:lexmark:ms826:-:*:*:*:*:*:*:*', 'cpe:2.3:o:lexmark:ms822_firmware:-:*:*:*:*:*:*:*', 'cpe:2.3:h:lexmark:cs923:-:*:*:*:*:*:*:*', 'cpe:2.3:h:lexmark:cs921:-:*:*:*:*:*:*:*', 'cpe:2.3:h:lexmark:cs720:-:*:*:*:*:*:*:*', 'cpe:2.3:o:lexmark:ms826_firmware:-:*:*:*:*:*:*:*', 'cpe:2.3:h:lexmark:cs622:-:*:*:*:*:*:*:*', 'cpe:2.3:h:lexmark:ms622:-:*:*:*:*:*:*:*', 'cpe:2.3:o:lexmark:cs720_firmware:-:*:*:*:*:*:*:*', 'cpe:2.3:o:lexmark:cs820_firmware:-:*:*:*:*:*:*:*', 'cpe:2.3:o:lexmark:cs921_firmware:-:*:*:*:*:*:*:*', 'cpe:2.3:o:lexmark:cs622_firmware:-:*:*:*:*:*:*:*', 'cpe:2.3:o:lexmark:cs725_firmware:-:*:*:*:*:*:*:*', 'cpe:2.3:h:lexmark:cs725:-:*:*:*:*:*:*:*'}
17971f10643983c5;{'cpe:2.3:o:hp:color_laserjet_enterprise_mfp_m681_firmware:-:*:*:*:*:*:*:*', 'cpe:2.3:h:hp:color_laserjet_enterprise_mfp_m682:-:*:*:*:*:*:*:*', 'cpe:2.3:o:hp:laserjet_enterprise_mfp_m633_firmware:-:*:*:*:*:*:*:*', 'cpe:2.3:o:hp:color_laserjet_enterprise_mfp_m682_firmware:-:*:*:*:*:*:*:*', 'cpe:2.3:o:hp:futuresmart_4:-:*:*:*:*:*:*:*', 'cpe:2.3:o:hp:laserjet_enterprise_mfp_m632_firmware:-:*:*:*:*:*:*:*', 'cpe:2.3:h:hp:laserjet_4:-:*:*:*:*:*:*:*', 'cpe:2.3:h:hp:laserjet_enterprise_mfp_m633:-:*:*:*:*:*:*:*', 'cpe:2.3:h:hp:color_laserjet_enterprise_mfp_m681:-:*:*:*:*:*:*:*', 'cpe:2.3:h:hp:laserjet_enterprise_mfp_m632:-:*:*:*:*:*:*:*'};{'cpe:2.3:o:hp:color_laserjet_enterprise_mfp_m681_firmware:-:*:*:*:*:*:*:*', 'cpe:2.3:h:hp:color_laserjet_enterprise_mfp_m682:-:*:*:*:*:*:*:*', 'cpe:2.3:o:hp:laserjet_enterprise_mfp_m633_firmware:-:*:*:*:*:*:*:*', 'cpe:2.3:o:hp:color_laserjet_enterprise_mfp_m682_firmware:-:*:*:*:*:*:*:*', 'cpe:2.3:o:hp:futuresmart_4:-:*:*:*:*:*:*:*', 'cpe:2.3:o:hp:laserjet_enterprise_mfp_m632_firmware:-:*:*:*:*:*:*:*', 'cpe:2.3:h:hp:laserjet_enterprise_mfp_m633:-:*:*:*:*:*:*:*', 'cpe:2.3:h:hp:color_laserjet_enterprise_mfp_m681:-:*:*:*:*:*:*:*', 'cpe:2.3:h:hp:laserjet_enterprise_mfp_m632:-:*:*:*:*:*:*:*'}
63df9112e0eacebe;{'cpe:2.3:h:konicaminolta:bizhub_360i:-:*:*:*:*:*:*:*', 'cpe:2.3:h:konicaminolta:bizhub_300i:-:*:*:*:*:*:*:*', 'cpe:2.3:h:konicaminolta:bizhub_c360i:-:*:*:*:*:*:*:*', 'cpe:2.3:h:konicaminolta:bizhub_c300i:-:*:*:*:*:*:*:*', 'cpe:2.3:h:konicaminolta:bizhub_c250i:-:*:*:*:*:*:*:*'};{'cpe:2.3:h:konicaminolta:bizhub_360i:-:*:*:*:*:*:*:*', 'cpe:2.3:h:konicaminolta:bizhub_300i:-:*:*:*:*:*:*:*', 'cpe:2.3:h:konicaminolta:bizhub_c360i:-:*:*:*:*:*:*:*', 'cpe:2.3:h:konicaminolta:bizhub_c300i:-:*:*:*:*:*:*:*', 'cpe:2.3:h:konicaminolta:bizhub_c250i:-:*:*:*:*:*:*:*'}
f11f4287e2f7f64c;{'cpe:2.3:h:fujifilm:docucentre-vii_c7788:-:*:*:*:*:*:*:*', 'cpe:2.3:h:fujifilm:apeosport-vii_c7788:-:*:*:*:*:*:*:*'};{'cpe:2.3:h:fujifilm:docucentre-vii_c7788:-:*:*:*:*:*:*:*', 'cpe:2.3:h:fujifilm:apeosport-vii_c7788:-:*:*:*:*:*:*:*'}
e1c19488d90c7ca8;{'cpe:2.3:h:fujifilm:apeosport-vii_c6673:-:*:*:*:*:*:*:*', 'cpe:2.3:h:fujifilm:apeosport-vii_c4473:-:*:*:*:*:*:*:*', 'cpe:2.3:h:fujifilm:docucentre-vii_c3373:-:*:*:*:*:*:*:*', 'cpe:2.3:h:fujifilm:apeosport-vii_c3372:-:*:*:*:*:*:*:*', 'cpe:2.3:h:fujifilm:docucentre-vii_c7773:-:*:*:*:*:*:*:*', 'cpe:2.3:h:fujifilm:docucentre-vii_c5573:-:*:*:*:*:*:*:*', 'cpe:2.3:h:fujifilm:apeosport-vii_c5573:-:*:*:*:*:*:*:*', 'cpe:2.3:h:fujifilm:apeosport-vii_c3373:-:*:*:*:*:*:*:*', 'cpe:2.3:h:fujifilm:docucentre-vii_c2273:-:*:*:*:*:*:*:*', 'cpe:2.3:h:fujifilm:apeosport-vii_c7773:-:*:*:*:*:*:*:*', 'cpe:2.3:h:fujifilm:apeosport-vii_c2273:-:*:*:*:*:*:*:*', 'cpe:2.3:h:fujifilm:docucentre-vii_c4473:-:*:*:*:*:*:*:*', 'cpe:2.3:h:fujifilm:docucentre-vii_c3372:-:*:*:*:*:*:*:*', 'cpe:2.3:h:fujifilm:docucentre-vii_c6673:-:*:*:*:*:*:*:*'};{'cpe:2.3:h:fujifilm:apeosport-vii_c6673:-:*:*:*:*:*:*:*', 'cpe:2.3:h:fujifilm:apeosport-vii_c4473:-:*:*:*:*:*:*:*', 'cpe:2.3:h:fujifilm:docucentre-vii_c3373:-:*:*:*:*:*:*:*', 'cpe:2.3:h:fujifilm:apeosport-vii_c3372:-:*:*:*:*:*:*:*', 'cpe:2.3:h:fujifilm:docucentre-vii_c7773:-:*:*:*:*:*:*:*', 'cpe:2.3:h:fujifilm:docucentre-vii_c5573:-:*:*:*:*:*:*:*', 'cpe:2.3:h:fujifilm:apeosport-vii_c5573:-:*:*:*:*:*:*:*', 'cpe:2.3:h:fujifilm:apeosport-vii_c3373:-:*:*:*:*:*:*:*', 'cpe:2.3:h:fujifilm:docucentre-vii_c2273:-:*:*:*:*:*:*:*', 'cpe:2.3:h:fujifilm:apeosport-vii_c7773:-:*:*:*:*:*:*:*', 'cpe:2.3:h:fujifilm:apeosport-vii_c2273:-:*:*:*:*:*:*:*', 'cpe:2.3:h:fujifilm:docucentre-vii_c4473:-:*:*:*:*:*:*:*', 'cpe:2.3:h:fujifilm:docucentre-vii_c3372:-:*:*:*:*:*:*:*', 'cpe:2.3:h:fujifilm:docucentre-vii_c6673:-:*:*:*:*:*:*:*'}
ea5383095d7374dd;{'cpe:2.3:h:lexmark:ms826:-:*:*:*:*:*:*:*', 'cpe:2.3:h:lexmark:ms822:-:*:*:*:*:*:*:*', 'cpe:2.3:h:lexmark:ms622:-:*:*:*:*:*:*:*', 'cpe:2.3:h:lexmark:cs923:-:*:*:*:*:*:*:*', 'cpe:2.3:h:lexmark:cs921:-:*:*:*:*:*:*:*', 'cpe:2.3:h:lexmark:cs622:-:*:*:*:*:*:*:*'};{'cpe:2.3:h:lexmark:ms826:-:*:*:*:*:*:*:*', 'cpe:2.3:h:lexmark:ms822:-:*:*:*:*:*:*:*', 'cpe:2.3:h:lexmark:ms622:-:*:*:*:*:*:*:*', 'cpe:2.3:h:lexmark:cs923:-:*:*:*:*:*:*:*', 'cpe:2.3:h:lexmark:cs921:-:*:*:*:*:*:*:*', 'cpe:2.3:h:lexmark:cs622:-:*:*:*:*:*:*:*'}
64a3d95217c71a6b;{'cpe:2.3:o:lexmark:mx522_firmware:-:*:*:*:*:*:*:*', 'cpe:2.3:h:lexmark:mx622:-:*:*:*:*:*:*:*', 'cpe:2.3:h:lexmark:mx522:-:*:*:*:*:*:*:*'};{'cpe:2.3:o:lexmark:mx522_firmware:-:*:*:*:*:*:*:*', 'cpe:2.3:h:lexmark:mx622:-:*:*:*:*:*:*:*', 'cpe:2.3:h:lexmark:mx522:-:*:*:*:*:*:*:*'}
8ba02dba3c3b45ff;{'cpe:2.3:h:lexmark:ms622:-:*:*:*:*:*:*:*', 'cpe:2.3:o:lexmark:ms622_firmware:-:*:*:*:*:*:*:*'};{'cpe:2.3:h:lexmark:ms622:-:*:*:*:*:*:*:*', 'cpe:2.3:o:lexmark:ms622_firmware:-:*:*:*:*:*:*:*'}
18d11694e405a950;{'cpe:2.3:h:lexmark:cx622:-:*:*:*:*:*:*:*', 'cpe:2.3:h:lexmark:cx625:-:*:*:*:*:*:*:*'};{'cpe:2.3:h:lexmark:cx622:-:*:*:*:*:*:*:*', 'cpe:2.3:h:lexmark:cx625:-:*:*:*:*:*:*:*'}
c88bd544ed401cf5;{'cpe:2.3:h:lexmark:mx521:-:*:*:*:*:*:*:*', 'cpe:2.3:o:lexmark:mx521_firmware:-:*:*:*:*:*:*:*', 'cpe:2.3:o:lexmark:mx421_firmware:-:*:*:*:*:*:*:*', 'cpe:2.3:h:lexmark:mx622:-:*:*:*:*:*:*:*', 'cpe:2.3:h:lexmark:mx421:-:*:*:*:*:*:*:*'};{'cpe:2.3:h:lexmark:mx521:-:*:*:*:*:*:*:*', 'cpe:2.3:o:lexmark:mx521_firmware:-:*:*:*:*:*:*:*', 'cpe:2.3:o:lexmark:mx421_firmware:-:*:*:*:*:*:*:*', 'cpe:2.3:h:lexmark:mx622:-:*:*:*:*:*:*:*', 'cpe:2.3:h:lexmark:mx421:-:*:*:*:*:*:*:*'}
fb53eb74fd90b906;{'cpe:2.3:h:xerox:versalink_b405:-:*:*:*:*:*:*:*'};{'cpe:2.3:h:xerox:versalink_b405:-:*:*:*:*:*:*:*'}
fcf40b433f92515b;{'cpe:2.3:h:xerox:versalink_b7030:-:*:*:*:*:*:*:*', 'cpe:2.3:h:xerox:versalink_b7035:-:*:*:*:*:*:*:*', 'cpe:2.3:h:xerox:versalink_b7025:-:*:*:*:*:*:*:*'};{'cpe:2.3:h:xerox:versalink_b7030:-:*:*:*:*:*:*:*', 'cpe:2.3:h:xerox:versalink_b7035:-:*:*:*:*:*:*:*', 'cpe:2.3:h:xerox:versalink_b7025:-:*:*:*:*:*:*:*'}
f4dcd3bf50996535;{'cpe:2.3:h:lexmark:cs820:-:*:*:*:*:*:*:*', 'cpe:2.3:h:lexmark:c6160:-:*:*:*:*:*:*:*'};{'cpe:2.3:h:lexmark:cs820:-:*:*:*:*:*:*:*', 'cpe:2.3:h:lexmark:c6160:-:*:*:*:*:*:*:*'}
c1ee495d416bde7d;{'cpe:2.3:h:lexmark:cx725:-:*:*:*:*:*:*:*', 'cpe:2.3:h:lexmark:xc4140:-:*:*:*:*:*:*:*'};{'cpe:2.3:h:lexmark:cx725:-:*:*:*:*:*:*:*', 'cpe:2.3:h:lexmark:xc4140:-:*:*:*:*:*:*:*'}
9903c89cbb35eec1;{'cpe:2.3:o:juniper:junos:19.2:r3-s3:*:*:*:*:*:*', 'cpe:2.3:o:juniper:junos:19.2:r1-s4:*:*:*:*:*:*', 'cpe:2.3:o:juniper:junos:19.2:r1-s3:*:*:*:*:*:*', 'cpe:2.3:o:juniper:junos:19.2:r2-s1:*:*:*:*:*:*', 'cpe:2.3:o:juniper:junos:19.2:r1-s5:*:*:*:*:*:*', 'cpe:2.3:o:juniper:junos:19.2:r1-s7:*:*:*:*:*:*', 'cpe:2.3:o:juniper:junos:19.2:r1-s9:*:*:*:*:*:*', 'cpe:2.3:o:juniper:junos:19.2:r1-s6:*:*:*:*:*:*', 'cpe:2.3:o:juniper:junos:19.2:r1-s2:*:*:*:*:*:*', 'cpe:2.3:o:juniper:junos:19.2:r3-s1:*:*:*:*:*:*', 'cpe:2.3:o:juniper:junos:19.2:r3-s5:*:*:*:*:*:*', 'cpe:2.3:o:juniper:junos:19.2:r3:*:*:*:*:*:*', 'cpe:2.3:o:juniper:junos:19.2:r1-s8:*:*:*:*:*:*', 'cpe:2.3:o:juniper:junos:19.2:r2:*:*:*:*:*:*', 'cpe:2.3:o:juniper:junos:19.2:r1-s1:*:*:*:*:*:*', 'cpe:2.3:o:juniper:junos:19.2:r1:*:*:*:*:*:*', 'cpe:2.3:o:juniper:junos:19.2:r3-s4:*:*:*:*:*:*', 'cpe:2.3:o:juniper:junos:19.2:r3-s2:*:*:*:*:*:*'};{'cpe:2.3:o:juniper:junos:19.2:r3-s3:*:*:*:*:*:*', 'cpe:2.3:o:juniper:junos:19.2:r1-s4:*:*:*:*:*:*', 'cpe:2.3:o:juniper:junos:19.2:r1-s3:*:*:*:*:*:*', 'cpe:2.3:o:juniper:junos:19.2:r2-s1:*:*:*:*:*:*', 'cpe:2.3:o:juniper:junos:19.2:r1-s5:*:*:*:*:*:*', 'cpe:2.3:o:juniper:junos:19.2:r1-s7:*:*:*:*:*:*', 'cpe:2.3:o:juniper:junos:19.2:r1-s9:*:*:*:*:*:*', 'cpe:2.3:o:juniper:junos:19.2:r1-s6:*:*:*:*:*:*', 'cpe:2.3:o:juniper:junos:19.2:r1-s2:*:*:*:*:*:*', 'cpe:2.3:o:juniper:junos:19.2:r3-s1:*:*:*:*:*:*', 'cpe:2.3:o:juniper:junos:19.2:r3-s5:*:*:*:*:*:*', 'cpe:2.3:o:juniper:junos:19.2:r3:*:*:*:*:*:*', 'cpe:2.3:o:juniper:junos:19.2:r1-s8:*:*:*:*:*:*', 'cpe:2.3:o:juniper:junos:19.2:r2:*:*:*:*:*:*', 'cpe:2.3:o:juniper:junos:19.2:r1-s1:*:*:*:*:*:*', 'cpe:2.3:o:juniper:junos:19.2:r1:*:*:*:*:*:*', 'cpe:2.3:o:juniper:junos:19.2:r3-s4:*:*:*:*:*:*', 'cpe:2.3:o:juniper:junos:19.2:r3-s2:*:*:*:*:*:*'}
5360e7547186859e;{'cpe:2.3:a:fortinet:fortiproxy:1.0.2:*:*:*:*:*:*:*', 'cpe:2.3:a:fortinet:fortiproxy:1.0.7:*:*:*:*:*:*:*', 'cpe:2.3:a:fortinet:fortiproxy:1.0.0:*:*:*:*:*:*:*', 'cpe:2.3:a:fortinet:fortiproxy:1.0.1:*:*:*:*:*:*:*', 'cpe:2.3:a:fortinet:fortiproxy:1.0.6:*:*:*:*:*:*:*', 'cpe:2.3:a:fortinet:fortiproxy:1.0.3:*:*:*:*:*:*:*', 'cpe:2.3:a:fortinet:fortiproxy:1.0.5:*:*:*:*:*:*:*', 'cpe:2.3:a:fortinet:fortiproxy:1.0.4:*:*:*:*:*:*:*'};{'cpe:2.3:a:fortinet:fortiproxy:1.0.2:*:*:*:*:*:*:*', 'cpe:2.3:a:fortinet:fortiproxy:1.0.7:*:*:*:*:*:*:*', 'cpe:2.3:a:fortinet:fortiproxy:1.0.0:*:*:*:*:*:*:*', 'cpe:2.3:a:fortinet:fortiproxy:1.0.1:*:*:*:*:*:*:*', 'cpe:2.3:a:fortinet:fortiproxy:1.0.6:*:*:*:*:*:*:*', 'cpe:2.3:a:fortinet:fortiproxy:1.0.3:*:*:*:*:*:*:*', 'cpe:2.3:a:fortinet:fortiproxy:1.0.5:*:*:*:*:*:*:*', 'cpe:2.3:a:fortinet:fortiproxy:1.0.4:*:*:*:*:*:*:*'}
ff1ba60ef1586921;{'cpe:2.3:o:juniper:junos:18.1:r2-s4:*:*:*:*:*:*', 'cpe:2.3:o:juniper:junos:18.1:r3-s13:*:*:*:*:*:*', 'cpe:2.3:o:juniper:junos:18.1:r2-s2:*:*:*:*:*:*', 'cpe:2.3:o:juniper:junos:18.1:r2:*:*:*:*:*:*', 'cpe:2.3:o:juniper:junos:18.1:r3-s8:*:*:*:*:*:*', 'cpe:2.3:o:juniper:junos:18.1:r3-s5:*:*:*:*:*:*', 'cpe:2.3:o:juniper:junos:18.1:r3-s9:*:*:*:*:*:*', 'cpe:2.3:a:juniper:junos:18.1:r2:*:*:*:*:*:*', 'cpe:2.3:o:juniper:junos:18.1:r4:*:*:*:*:*:*', 'cpe:2.3:o:juniper:junos:18.1:r3-s3:*:*:*:*:*:*', 'cpe:2.3:o:juniper:junos:18.1:r3-s2:*:*:*:*:*:*', 'cpe:2.3:o:juniper:junos:18.1:r3-s4:*:*:*:*:*:*', 'cpe:2.3:o:juniper:junos:18.1:r3-s1:*:*:*:*:*:*', 'cpe:2.3:a:juniper:junos:18.1:r1:*:*:*:*:*:*', 'cpe:2.3:o:juniper:junos:18.1:r1:*:*:*:*:*:*', 'cpe:2.3:o:juniper:junos:18.1:r3:*:*:*:*:*:*', 'cpe:2.3:o:juniper:junos:18.1:r3-s7:*:*:*:*:*:*', 'cpe:2.3:o:juniper:junos:18.1:r3-s10:*:*:*:*:*:*', 'cpe:2.3:o:juniper:junos:18.1:r2-s1:*:*:*:*:*:*', 'cpe:2.3:o:juniper:junos:18.1:r3-s6:*:*:*:*:*:*', 'cpe:2.3:o:juniper:junos:18.1:r3-s12:*:*:*:*:*:*', 'cpe:2.3:o:juniper:junos:18.1:r3-s11:*:*:*:*:*:*'};{'cpe:2.3:o:juniper:junos:18.1:r2-s4:*:*:*:*:*:*', 'cpe:2.3:o:juniper:junos:18.1:r3-s13:*:*:*:*:*:*', 'cpe:2.3:o:juniper:junos:18.1:r2-s2:*:*:*:*:*:*', 'cpe:2.3:o:juniper:junos:18.1:r2:*:*:*:*:*:*', 'cpe:2.3:o:juniper:junos:18.1:r3-s8:*:*:*:*:*:*', 'cpe:2.3:o:juniper:junos:18.1:r3-s5:*:*:*:*:*:*', 'cpe:2.3:o:juniper:junos:18.1:r3-s9:*:*:*:*:*:*', 'cpe:2.3:a:juniper:junos:18.1:r2:*:*:*:*:*:*', 'cpe:2.3:o:juniper:junos:18.1:r4:*:*:*:*:*:*', 'cpe:2.3:o:juniper:junos:18.1:r3-s3:*:*:*:*:*:*', 'cpe:2.3:o:juniper:junos:18.1:r3-s2:*:*:*:*:*:*', 'cpe:2.3:o:juniper:junos:18.1:r3-s4:*:*:*:*:*:*', 'cpe:2.3:o:juniper:junos:18.1:r3-s1:*:*:*:*:*:*', 'cpe:2.3:a:juniper:junos:18.1:r1:*:*:*:*:*:*', 'cpe:2.3:o:juniper:junos:18.1:r1:*:*:*:*:*:*', 'cpe:2.3:o:juniper:junos:18.1:r3:*:*:*:*:*:*', 'cpe:2.3:o:juniper:junos:18.1:r3-s7:*:*:*:*:*:*', 'cpe:2.3:o:juniper:junos:18.1:r3-s10:*:*:*:*:*:*', 'cpe:2.3:o:juniper:junos:18.1:r2-s1:*:*:*:*:*:*', 'cpe:2.3:o:juniper:junos:18.1:r3-s6:*:*:*:*:*:*', 'cpe:2.3:o:juniper:junos:18.1:r3-s12:*:*:*:*:*:*', 'cpe:2.3:o:juniper:junos:18.1:r3-s11:*:*:*:*:*:*'}
657cfb3718522983;{'cpe:2.3:h:huawei:ne5000e:-:*:*:*:*:*:*:*'};{'cpe:2.3:h:huawei:ne5000e:-:*:*:*:*:*:*:*'}
6d63f645e797669e;{'cpe:2.3:o:redhat:enterprise_linux_for_real_time_tus:8.2:*:*:*:*:*:*:*', 'cpe:2.3:o:redhat:enterprise_linux_for_ibm_z_systems_eus:8.2:*:*:*:*:*:*:*', 'cpe:2.3:o:redhat:enterprise_linux_for_real_time_for_nfv_tus:8.2:*:*:*:*:*:*:*', 'cpe:2.3:o:redhat:enterprise_linux_server_aus:8.2:*:*:*:*:*:*:*', 'cpe:2.3:o:redhat:enterprise_linux_for_power_little_endian_eus:8.2:*:*:*:*:*:*:*', 'cpe:2.3:o:redhat:enterprise_linux_for_real_time_for_nfv_eus:8.2:*:*:*:*:*:*:*', 'cpe:2.3:o:redhat:enterprise_linux_server_for_power_little_endian_update_services_for_sap_solutions:8.2:*:*:*:*:*:*:*', 'cpe:2.3:o:redhat:enterprise_linux_tus:8.2:*:*:*:*:*:*:*', 'cpe:2.3:o:redhat:enterprise_linux_server_tus:8.2:*:*:*:*:*:*:*', 'cpe:2.3:o:redhat:enterprise_linux_aus:8.2:*:*:*:*:*:*:*', 'cpe:2.3:o:redhat:enterprise_linux_server_update_services_for_sap_solutions:8.2:*:*:*:*:*:*:*', 'cpe:2.3:o:redhat:enterprise_linux_for_real_time_eus:8.2:*:*:*:*:*:*:*', 'cpe:2.3:o:redhat:enterprise_linux_for_ibm_z_systems_eus_s390x:8.2:*:*:*:*:*:*:*', 'cpe:2.3:o:redhat:enterprise_linux_eus:8.2:*:*:*:*:*:*:*'};{'cpe:2.3:o:redhat:enterprise_linux_for_real_time_tus:8.2:*:*:*:*:*:*:*', 'cpe:2.3:o:redhat:enterprise_linux_for_ibm_z_systems_eus:8.2:*:*:*:*:*:*:*', 'cpe:2.3:o:redhat:enterprise_linux_for_real_time_for_nfv_tus:8.2:*:*:*:*:*:*:*', 'cpe:2.3:o:redhat:enterprise_linux_server_aus:8.2:*:*:*:*:*:*:*', 'cpe:2.3:o:redhat:enterprise_linux_for_power_little_endian_eus:8.2:*:*:*:*:*:*:*', 'cpe:2.3:o:redhat:enterprise_linux_for_real_time_for_nfv_eus:8.2:*:*:*:*:*:*:*', 'cpe:2.3:o:redhat:enterprise_linux_server_for_power_little_endian_update_services_for_sap_solutions:8.2:*:*:*:*:*:*:*', 'cpe:2.3:o:redhat:enterprise_linux_tus:8.2:*:*:*:*:*:*:*', 'cpe:2.3:o:redhat:enterprise_linux_server_tus:8.2:*:*:*:*:*:*:*', 'cpe:2.3:o:redhat:enterprise_linux_aus:8.2:*:*:*:*:*:*:*', 'cpe:2.3:o:redhat:enterprise_linux_server_update_services_for_sap_solutions:8.2:*:*:*:*:*:*:*', 'cpe:2.3:o:redhat:enterprise_linux_for_real_time_eus:8.2:*:*:*:*:*:*:*', 'cpe:2.3:o:redhat:enterprise_linux_for_ibm_z_systems_eus_s390x:8.2:*:*:*:*:*:*:*', 'cpe:2.3:o:redhat:enterprise_linux_eus:8.2:*:*:*:*:*:*:*'}
8f85d66508aa4148;{'cpe:2.3:o:redhat:enterprise_linux_eus:8.1:*:*:*:*:*:*:*', 'cpe:2.3:o:redhat:enterprise_linux_for_ibm_z_systems_eus:8.1:*:*:*:*:*:*:*', 'cpe:2.3:o:redhat:enterprise_linux_server_update_services_for_sap_solutions:8.1:*:*:*:*:*:*:*', 'cpe:2.3:o:redhat:enterprise_linux_server_for_power_little_endian_update_services_for_sap_solutions:8.1:*:*:*:*:*:*:*', 'cpe:2.3:o:redhat:enterprise_linux_for_ibm_z_systems_eus_s390x:8.1:*:*:*:*:*:*:*', 'cpe:2.3:o:redhat:enterprise_linux:8.1:*:*:*:*:*:*:*', 'cpe:2.3:o:redhat:enterprise_linux_for_power_little_endian_eus:8.1:*:*:*:*:*:*:*', 'cpe:2.3:o:redhat:enterprise_linux_server_eus:8.1:*:*:*:*:*:*:*', 'cpe:2.3:o:redhat:enterprise_linux_server:8.1:*:*:*:*:*:*:*'};{'cpe:2.3:o:redhat:enterprise_linux_eus:8.1:*:*:*:*:*:*:*', 'cpe:2.3:o:redhat:enterprise_linux_for_ibm_z_systems_eus:8.1:*:*:*:*:*:*:*', 'cpe:2.3:o:redhat:enterprise_linux_server_update_services_for_sap_solutions:8.1:*:*:*:*:*:*:*', 'cpe:2.3:o:redhat:enterprise_linux_server_for_power_little_endian_update_services_for_sap_solutions:8.1:*:*:*:*:*:*:*', 'cpe:2.3:o:redhat:enterprise_linux_for_ibm_z_systems_eus_s390x:8.1:*:*:*:*:*:*:*', 'cpe:2.3:o:redhat:enterprise_linux:8.1:*:*:*:*:*:*:*', 'cpe:2.3:o:redhat:enterprise_linux_for_power_little_endian_eus:8.1:*:*:*:*:*:*:*', 'cpe:2.3:o:redhat:enterprise_linux_server_eus:8.1:*:*:*:*:*:*:*', 'cpe:2.3:o:redhat:enterprise_linux_server:8.1:*:*:*:*:*:*:*'}
e3231fac88242d81;{'cpe:2.3:a:redhat:linux:7.1:*:*:*:*:*:*:*', 'cpe:2.3:o:redhat:enterprise_linux:7.1:*:*:*:*:*:*:*', 'cpe:2.3:o:redhat:linux:7.1:*:*:*:*:*:*:*'};{'cpe:2.3:a:redhat:linux:7.1:*:*:*:*:*:*:*', 'cpe:2.3:o:redhat:enterprise_linux:7.1:*:*:*:*:*:*:*', 'cpe:2.3:o:redhat:linux:7.1:*:*:*:*:*:*:*'}
f0dca1485a2b2746;{'cpe:2.3:h:veritas:netbackup_appliance:3.2:maintenance_release3:*:*:*:*:*:*'};{'cpe:2.3:h:veritas:netbackup_appliance:3.2:maintenance_release3:*:*:*:*:*:*'}
fc0cf7f2abf128e4;{'cpe:2.3:a:dell:emc_avamar:18.1:*:*:*:*:*:*:*', 'cpe:2.3:a:dell:emc_avamar_server:18.1:*:*:*:*:*:*:*'};{'cpe:2.3:a:dell:emc_avamar:18.1:*:*:*:*:*:*:*', 'cpe:2.3:a:dell:emc_avamar_server:18.1:*:*:*:*:*:*:*'}
91cc0d74e99141f0;{'cpe:2.3:a:rsa:archer:6.5:*:*:*:*:*:*:*'};{'cpe:2.3:a:rsa:archer:6.5:*:*:*:*:*:*:*'}
3357c28c91cc2ed1;{'cpe:2.3:h:st:st33tphf2espi:-:*:*:*:*:*:*:*'};{'cpe:2.3:h:st:st33tphf2espi:-:*:*:*:*:*:*:*'}
1172a88e009dc248;{'cpe:2.3:a:citrix:xenapp:7.6:*:*:*:*:*:*:*', 'cpe:2.3:a:citrix:xenapp:7.6.0.0:*:*:*:*:*:*:*'};{'cpe:2.3:a:citrix:xenapp:7.6:*:*:*:*:*:*:*', 'cpe:2.3:a:citrix:xenapp:7.6.0.0:*:*:*:*:*:*:*'}
482919a6159cf398;{'cpe:2.3:a:hp:p9000_command_view_advanced_edition_software:-:*:*:*:*:*:*:*', 'cpe:2.3:h:hp:9000:-:*:*:*:*:*:*:*'};{'cpe:2.3:a:hp:p9000_command_view_advanced_edition_software:-:*:*:*:*:*:*:*'}
ab9820cc7e3798c7;{'cpe:2.3:h:cisco:adaptive_security_appliance_5520:-:*:*:*:*:*:*:*', 'cpe:2.3:h:cisco:adaptive_security_appliance_5540:-:*:*:*:*:*:*:*', 'cpe:2.3:h:cisco:adaptive_security_appliance_5510:-:*:*:*:*:*:*:*', 'cpe:2.3:h:cisco:adaptive_security_appliance_5550:-:*:*:*:*:*:*:*', 'cpe:2.3:h:cisco:adaptive_security_appliance_5505:-:*:*:*:*:*:*:*'};
5cc6ace5ef0d7525;{'cpe:2.3:a:ibm:tivoli_identity_manager:5.0.0:*:*:*:*:*:*:*', 'cpe:2.3:a:ibm:tivoli_identity_manager:5.0.0.11:*:*:*:*:*:*:*', 'cpe:2.3:a:ibm:tivoli_identity_manager:5.0.0.14:*:*:*:*:*:*:*', 'cpe:2.3:a:ibm:tivoli_identity_manager:5.0.0.10:*:*:*:*:*:*:*', 'cpe:2.3:a:ibm:tivoli_identity_manager:5.0.0.12:*:*:*:*:*:*:*', 'cpe:2.3:a:ibm:tivoli_identity_manager:5.0.0.13:*:*:*:*:*:*:*', 'cpe:2.3:a:ibm:tivoli_identity_manager:5.0.0.15:*:*:*:*:*:*:*', 'cpe:2.3:a:ibm:tivoli_identity_manager:5.0.0.6:*:*:*:*:*:*:*'};{'cpe:2.3:a:ibm:tivoli_identity_manager:5.0.0:*:*:*:*:*:*:*', 'cpe:2.3:a:ibm:tivoli_identity_manager:5.0.0.11:*:*:*:*:*:*:*', 'cpe:2.3:a:ibm:tivoli_identity_manager:5.0.0.14:*:*:*:*:*:*:*', 'cpe:2.3:a:ibm:tivoli_identity_manager:5.0.0.10:*:*:*:*:*:*:*', 'cpe:2.3:a:ibm:tivoli_identity_manager:5.0.0.12:*:*:*:*:*:*:*', 'cpe:2.3:a:ibm:tivoli_identity_manager:5.0.0.13:*:*:*:*:*:*:*', 'cpe:2.3:a:ibm:tivoli_identity_manager:5.0.0.15:*:*:*:*:*:*:*', 'cpe:2.3:a:ibm:tivoli_identity_manager:5.0.0.6:*:*:*:*:*:*:*'}
11a73a5b4bff867e;{'cpe:2.3:a:ca:etrust_admin:8.0:*:*:*:*:*:*:*'};{'cpe:2.3:a:ca:etrust_admin:8.0:*:*:*:*:*:*:*'}
e569fda0ef20eb24;{'cpe:2.3:o:sonicwall:sonicos:6.2.5.0:*:*:*:*:*:*:*', 'cpe:2.3:o:sonicwall:sonicos:6.2.5.3:*:*:*:*:*:*:*'};{'cpe:2.3:o:sonicwall:sonicos:6.2.5.0:*:*:*:*:*:*:*', 'cpe:2.3:o:sonicwall:sonicos:6.2.5.3:*:*:*:*:*:*:*'}
d6fa68f33a900972;{'cpe:2.3:a:checkpoint:vpn-1:-:*:*:*:*:*:*:*'};{'cpe:2.3:a:checkpoint:vpn-1:-:*:*:*:*:*:*:*'}
63437f397537984b;{'cpe:2.3:h:securecomputing:sidewinder_g2:-:*:*:*:*:*:*:*'};{'cpe:2.3:h:securecomputing:sidewinder_g2:-:*:*:*:*:*:*:*'}
7b7287c13709fe29;{'cpe:2.3:h:securecomputing:sidewinder_g2:-:*:*:*:*:*:*:*'};{'cpe:2.3:h:securecomputing:sidewinder_g2:-:*:*:*:*:*:*:*'}
bb2ddf62a9393e92;{'cpe:2.3:a:checkpoint:vpn-1_firewall_1:-:*:*:*:*:*:*:*', 'cpe:2.3:a:checkpoint:vpn-1_firewall-1_next_generation:-:*:*:*:*:*:*:*', 'cpe:2.3:a:checkpoint:vpn-1:-:*:*:*:*:*:*:*', 'cpe:2.3:a:checkpoint:firewall-1:-:*:*:*:*:*:*:*', 'cpe:2.3:a:checkpoint:vpn-1_firewall-1:-:*:*:*:*:*:*:*'};{'cpe:2.3:a:checkpoint:vpn-1_firewall_1:-:*:*:*:*:*:*:*', 'cpe:2.3:a:checkpoint:vpn-1_firewall-1_next_generation:-:*:*:*:*:*:*:*', 'cpe:2.3:a:checkpoint:vpn-1:-:*:*:*:*:*:*:*', 'cpe:2.3:a:checkpoint:firewall-1:-:*:*:*:*:*:*:*', 'cpe:2.3:a:checkpoint:vpn-1_firewall-1:-:*:*:*:*:*:*:*'}
a426b267ebe7c611;{'cpe:2.3:h:symantec:gateway_security_400:-:*:*:*:*:*:*:*'};
c10773ac43ca7c2b;{'cpe:2.3:o:cisco:pix_firewall:6.2:*:*:*:*:*:*:*', 'cpe:2.3:o:cisco:pix_firewall:6.2\\(1\\):*:*:*:*:*:*:*', 'cpe:2.3:o:cisco:pix_firewall:6.2\\(3.100\\):*:*:*:*:*:*:*', 'cpe:2.3:o:cisco:pix_firewall:6.2\\(3\\):*:*:*:*:*:*:*', 'cpe:2.3:o:cisco:pix_firewall:6.2\\(2\\):*:*:*:*:*:*:*'};{'cpe:2.3:o:cisco:pix_firewall:6.2:*:*:*:*:*:*:*', 'cpe:2.3:o:cisco:pix_firewall_software:6.2:*:*:*:*:*:*:*', 'cpe:2.3:o:cisco:pix_firewall_software:6.2\\(3\\):*:*:*:*:*:*:*', 'cpe:2.3:o:cisco:pix_firewall_software:6.2\\(2\\):*:*:*:*:*:*:*', 'cpe:2.3:o:cisco:pix_firewall:6.2\\(1\\):*:*:*:*:*:*:*', 'cpe:2.3:o:cisco:pix_firewall:6.2\\(3.100\\):*:*:*:*:*:*:*', 'cpe:2.3:o:cisco:pix_firewall_software:6.2\\(1\\):*:*:*:*:*:*:*', 'cpe:2.3:o:cisco:pix_firewall:6.2\\(3\\):*:*:*:*:*:*:*', 'cpe:2.3:o:cisco:pix_firewall:6.2\\(2\\):*:*:*:*:*:*:*'}
2333fd1226ed1abf;{'cpe:2.3:a:symantec:data_loss_prevention:14.5:*:*:*:*:*:*:*', 'cpe:2.3:a:symantec:data_loss_prevention:14.5:mp1:*:*:*:*:*:*'};{'cpe:2.3:a:symantec:data_loss_prevention:14.5:*:*:*:*:*:*:*', 'cpe:2.3:a:symantec:data_loss_prevention:14.5:mp1:*:*:*:*:*:*'}
172856c5954d49f3;{'cpe:2.3:a:cisco:anyconnect_secure_mobility_client:4.1.06013:*:*:*:*:*:*:*', 'cpe:2.3:a:cisco:anyconnect_secure_mobility_client:4.1.02011:*:*:*:*:*:*:*', 'cpe:2.3:a:cisco:anyconnect_secure_mobility_client:4.1.00028:*:*:*:*:*:*:*', 'cpe:2.3:a:cisco:anyconnect_secure_mobility_client:4.1.08005:*:*:*:*:*:*:*', 'cpe:2.3:a:cisco:anyconnect_secure_mobility_client:4.1.06020:*:*:*:*:*:*:*', 'cpe:2.3:a:cisco:anyconnect_secure_mobility_client:4.1.04011:*:*:*:*:*:*:*'};{'cpe:2.3:a:cisco:anyconnect_secure_mobility_client:4.1.06013:*:*:*:*:*:*:*', 'cpe:2.3:a:cisco:anyconnect_secure_mobility_client:4.1.02011:*:*:*:*:*:*:*', 'cpe:2.3:a:cisco:anyconnect_secure_mobility_client:4.1.00028:*:*:*:*:*:*:*', 'cpe:2.3:a:cisco:anyconnect_secure_mobility_client:4.1.08005:*:*:*:*:*:*:*', 'cpe:2.3:a:cisco:anyconnect_secure_mobility_client:4.1.06020:*:*:*:*:*:*:*', 'cpe:2.3:a:cisco:anyconnect_secure_mobility_client:4.1.04011:*:*:*:*:*:*:*'}
c93ceefca0a81f36;{'cpe:2.3:h:samsung:galaxy_note_4:-:*:*:*:*:*:*:*'};{'cpe:2.3:h:samsung:galaxy_note_4:-:*:*:*:*:*:*:*'}
01799fe195178ed7;{'cpe:2.3:a:emc:networker:8.0.1.4:*:*:*:*:*:*:*', 'cpe:2.3:a:emc:networker:8.0:*:*:*:*:*:*:*'};{'cpe:2.3:a:emc:networker:8.0.1.4:*:*:*:*:*:*:*', 'cpe:2.3:a:emc:networker:8.0:*:*:*:*:*:*:*'}
c896595602779acc;{'cpe:2.3:o:juniper:junos:11.2:*:*:*:*:*:*:*'};{'cpe:2.3:o:juniper:junos:11.2:*:*:*:*:*:*:*'}
26b7973a845a68d6;{'cpe:2.3:o:cisco:asyncos:7.1.5:hot_patch6:*:*:*:*:*:*', 'cpe:2.3:o:cisco:asyncos:7.1.5:hot_patch5:*:*:*:*:*:*', 'cpe:2.3:o:cisco:asyncos:7.3.2:-:*:*:*:*:*:*', 'cpe:2.3:o:cisco:asyncos:7.1.5-102:*:*:*:*:*:*:*', 'cpe:2.3:o:cisco:asyncos:7.3.2:hot_patch:*:*:*:*:*:*', 'cpe:2.3:o:cisco:asyncos:7.1.3:*:*:*:*:*:*:*', 'cpe:2.3:o:cisco:asyncos:7.1.1:*:*:*:*:*:*:*', 'cpe:2.3:o:cisco:email_security_appliance_firmware:7.1.1:*:*:*:*:*:*:*', 'cpe:2.3:o:cisco:asyncos:7.1.2:*:*:*:*:*:*:*', 'cpe:2.3:o:cisco:asyncos:7.3.1:build47:*:*:*:*:*:*', 'cpe:2.3:a:cisco:email_security_appliance:7.1.3:*:*:*:*:*:*:*', 'cpe:2.3:o:cisco:asyncos:7.3.1:hot_patch2:*:*:*:*:*:*', 'cpe:2.3:o:cisco:email_security_appliance_firmware:7.3.1:*:*:*:*:*:*:*', 'cpe:2.3:a:cisco:email_security_appliance:7.1.2:*:*:*:*:*:*:*', 'cpe:2.3:a:cisco:email_security_appliance:7.1.0:*:*:*:*:*:*:*', 'cpe:2.3:o:cisco:email_security_appliance_firmware:7.1.3:*:*:*:*:*:*:*', 'cpe:2.3:a:cisco:email_security_appliance:7.1.1:*:*:*:*:*:*:*', 'cpe:2.3:a:cisco:email_security_appliance:7.3.2:*:*:*:*:*:*:*', 'cpe:2.3:o:cisco:asyncos:7.1.5:-:*:*:*:*:*:*', 'cpe:2.3:o:cisco:asyncos:7.3.2:hot_patch2:*:*:*:*:*:*', 'cpe:2.3:a:cisco:email_security_appliance:7.1.5:*:*:*:*:*:*:*', 'cpe:2.3:o:cisco:asyncos:7.1.5:hot_patch:*:*:*:*:*:*', 'cpe:2.3:o:cisco:asyncos:7.3.1:build101:*:*:*:*:*:*', 'cpe:2.3:a:cisco:email_security_appliance:7.3.1:*:*:*:*:*:*:*', 'cpe:2.3:o:cisco:asyncos:7.1.5:hot_patch4:*:*:*:*:*:*', 'cpe:2.3:a:cisco:email_security_appliance:7.3.0:*:*:*:*:*:*:*', 'cpe:2.3:a:cisco:email_security_appliance:7.1.4:*:*:*:*:*:*:*', 'cpe:2.3:o:cisco:asyncos:7.1.4:*:*:*:*:*:*:*'};{'cpe:2.3:o:cisco:asyncos:7.1.5:hot_patch6:*:*:*:*:*:*', 'cpe:2.3:o:cisco:asyncos:7.1.5:hot_patch5:*:*:*:*:*:*', 'cpe:2.3:o:cisco:asyncos:7.3.2:-:*:*:*:*:*:*', 'cpe:2.3:o:cisco:asyncos:7.1.5-102:*:*:*:*:*:*:*', 'cpe:2.3:o:cisco:asyncos:7.3.2:hot_patch:*:*:*:*:*:*', 'cpe:2.3:o:cisco:asyncos:7.1.3:*:*:*:*:*:*:*', 'cpe:2.3:o:cisco:asyncos:7.1.1:*:*:*:*:*:*:*', 'cpe:2.3:o:cisco:email_security_appliance_firmware:7.1.1:*:*:*:*:*:*:*', 'cpe:2.3:o:cisco:asyncos:7.1.2:*:*:*:*:*:*:*', 'cpe:2.3:o:cisco:asyncos:7.3.1:build47:*:*:*:*:*:*', 'cpe:2.3:a:cisco:email_security_appliance:7.1.3:*:*:*:*:*:*:*', 'cpe:2.3:o:cisco:asyncos:7.3.1:hot_patch2:*:*:*:*:*:*', 'cpe:2.3:o:cisco:email_security_appliance_firmware:7.3.1:*:*:*:*:*:*:*', 'cpe:2.3:a:cisco:email_security_appliance:7.1.2:*:*:*:*:*:*:*', 'cpe:2.3:a:cisco:email_security_appliance:7.1.0:*:*:*:*:*:*:*', 'cpe:2.3:o:cisco:email_security_appliance_firmware:7.1.3:*:*:*:*:*:*:*', 'cpe:2.3:a:cisco:email_security_appliance:7.1.1:*:*:*:*:*:*:*', 'cpe:2.3:a:cisco:email_security_appliance:7.3.2:*:*:*:*:*:*:*', 'cpe:2.3:o:cisco:asyncos:7.1.5:-:*:*:*:*:*:*', 'cpe:2.3:o:cisco:asyncos:7.3.2:hot_patch2:*:*:*:*:*:*', 'cpe:2.3:a:cisco:email_security_appliance:7.1.5:*:*:*:*:*:*:*', 'cpe:2.3:o:cisco:asyncos:7.1.5:hot_patch:*:*:*:*:*:*', 'cpe:2.3:o:cisco:asyncos:7.3.1:build101:*:*:*:*:*:*', 'cpe:2.3:a:cisco:email_security_appliance:7.3.1:*:*:*:*:*:*:*', 'cpe:2.3:o:cisco:asyncos:7.1.5:hot_patch4:*:*:*:*:*:*', 'cpe:2.3:a:cisco:email_security_appliance:7.3.0:*:*:*:*:*:*:*', 'cpe:2.3:a:cisco:email_security_appliance:7.1.4:*:*:*:*:*:*:*', 'cpe:2.3:o:cisco:asyncos:7.1.4:*:*:*:*:*:*:*'}
c96ac4c4015414ad;{'cpe:2.3:a:infineon:rsa_library:1.02.013:*:*:*:*:*:*:*'};{'cpe:2.3:a:infineon:rsa_library:1.02.013:*:*:*:*:*:*:*'}
d3323745a51a604d;{'cpe:2.3:a:infineon:rsa_library:1.02.013:*:*:*:*:*:*:*'};{'cpe:2.3:a:infineon:rsa_library:1.02.013:*:*:*:*:*:*:*'}
dbe20d7c305b24eb;{'cpe:2.3:h:nxp:j3e082_m65:-:*:*:*:*:*:*:*', 'cpe:2.3:h:nxp:j3e120_m65:-:*:*:*:*:*:*:*', 'cpe:2.3:h:nxp:j2e120_m65:-:*:*:*:*:*:*:*', 'cpe:2.3:h:nxp:j2e082_m65:-:*:*:*:*:*:*:*', 'cpe:2.3:h:nxp:j2e145_m64:-:*:*:*:*:*:*:*', 'cpe:2.3:h:nxp:j3e145_m64:-:*:*:*:*:*:*:*'};{'cpe:2.3:h:nxp:j3e082_m65:-:*:*:*:*:*:*:*', 'cpe:2.3:h:nxp:j3e120_m65:-:*:*:*:*:*:*:*', 'cpe:2.3:h:nxp:j2e120_m65:-:*:*:*:*:*:*:*', 'cpe:2.3:h:nxp:j2e082_m65:-:*:*:*:*:*:*:*', 'cpe:2.3:h:nxp:j2e145_m64:-:*:*:*:*:*:*:*', 'cpe:2.3:h:nxp:j3e145_m64:-:*:*:*:*:*:*:*'}
b24a14935edd51ad;{'cpe:2.3:h:nxp:j2d145_m59:-:*:*:*:*:*:*:*', 'cpe:2.3:h:nxp:j2d082_m60:-:*:*:*:*:*:*:*', 'cpe:2.3:h:nxp:j3d145_m59:-:*:*:*:*:*:*:*', 'cpe:2.3:h:nxp:j2d120_m60:-:*:*:*:*:*:*:*', 'cpe:2.3:h:nxp:j3d082_m60:-:*:*:*:*:*:*:*', 'cpe:2.3:h:nxp:j3d120_m60:-:*:*:*:*:*:*:*'};{'cpe:2.3:h:nxp:j2d145_m59:-:*:*:*:*:*:*:*', 'cpe:2.3:h:nxp:j2d082_m60:-:*:*:*:*:*:*:*', 'cpe:2.3:h:nxp:j3d145_m59:-:*:*:*:*:*:*:*', 'cpe:2.3:h:nxp:j2d120_m60:-:*:*:*:*:*:*:*', 'cpe:2.3:h:nxp:j3d082_m60:-:*:*:*:*:*:*:*', 'cpe:2.3:h:nxp:j3d120_m60:-:*:*:*:*:*:*:*'}
c680a7d3de5acc97;{'cpe:2.3:o:google:android:10.0:*:*:*:*:*:*:*'};{'cpe:2.3:o:google:android:10.0:*:*:*:*:*:*:*'}
0eade45a4692d681;{'cpe:2.3:h:lg:v30\\+:-:*:*:*:*:*:*:*'};{'cpe:2.3:h:lg:v30\\+:-:*:*:*:*:*:*:*'}
a82b1fc70b35b2be;{'cpe:2.3:h:xerox:altalink_b8090:-:*:*:*:*:*:*:*', 'cpe:2.3:h:xerox:altalink_b8045:-:*:*:*:*:*:*:*', 'cpe:2.3:h:xerox:altalink_b8075:-:*:*:*:*:*:*:*', 'cpe:2.3:h:xerox:altalink_b8055:-:*:*:*:*:*:*:*', 'cpe:2.3:h:xerox:altalink_b8065:-:*:*:*:*:*:*:*'};{'cpe:2.3:h:xerox:altalink_b8090:-:*:*:*:*:*:*:*', 'cpe:2.3:h:xerox:altalink_b8045:-:*:*:*:*:*:*:*', 'cpe:2.3:h:xerox:altalink_b8075:-:*:*:*:*:*:*:*', 'cpe:2.3:h:xerox:altalink_b8055:-:*:*:*:*:*:*:*', 'cpe:2.3:h:xerox:altalink_b8065:-:*:*:*:*:*:*:*'}
4490eb54a3bab9f9;{'cpe:2.3:h:konicaminolta:bizhub_458:-:*:*:*:*:*:*:*', 'cpe:2.3:h:konicaminolta:bizhub_c458:-:*:*:*:*:*:*:*', 'cpe:2.3:h:konicaminolta:bizhub_558:-:*:*:*:*:*:*:*', 'cpe:2.3:h:konicaminolta:bizhub_c558:-:*:*:*:*:*:*:*', 'cpe:2.3:h:konicaminolta:bizhub_c658:-:*:*:*:*:*:*:*'};{'cpe:2.3:h:konicaminolta:bizhub_458:-:*:*:*:*:*:*:*', 'cpe:2.3:h:konicaminolta:bizhub_c458:-:*:*:*:*:*:*:*', 'cpe:2.3:h:konicaminolta:bizhub_558:-:*:*:*:*:*:*:*', 'cpe:2.3:h:konicaminolta:bizhub_c558:-:*:*:*:*:*:*:*', 'cpe:2.3:h:konicaminolta:bizhub_c658:-:*:*:*:*:*:*:*'}
acb03d5783b624a8;{'cpe:2.3:h:xerox:workcentre_7835:-:*:*:*:*:*:*:*', 'cpe:2.3:h:xerox:workcentre_7830:-:*:*:*:*:*:*:*'};{'cpe:2.3:h:xerox:workcentre_7835:-:*:*:*:*:*:*:*', 'cpe:2.3:h:xerox:workcentre_7830:-:*:*:*:*:*:*:*'}
106928b01fde91a6;{'cpe:2.3:h:xerox:workcentre_7845:-:*:*:*:*:*:*:*', 'cpe:2.3:h:xerox:workcentre_7855:-:*:*:*:*:*:*:*'};{'cpe:2.3:h:xerox:workcentre_7845:-:*:*:*:*:*:*:*', 'cpe:2.3:h:xerox:workcentre_7855:-:*:*:*:*:*:*:*'}
5d95e1a7a8c29054;{'cpe:2.3:h:konicaminolta:bizhub_287:-:*:*:*:*:*:*:*', 'cpe:2.3:h:konicaminolta:bizhub_c227:-:*:*:*:*:*:*:*', 'cpe:2.3:h:konicaminolta:bizhub_227:-:*:*:*:*:*:*:*', 'cpe:2.3:h:konicaminolta:bizhub_c287:-:*:*:*:*:*:*:*'};{'cpe:2.3:h:konicaminolta:bizhub_287:-:*:*:*:*:*:*:*', 'cpe:2.3:h:konicaminolta:bizhub_c227:-:*:*:*:*:*:*:*', 'cpe:2.3:h:konicaminolta:bizhub_227:-:*:*:*:*:*:*:*', 'cpe:2.3:h:konicaminolta:bizhub_c287:-:*:*:*:*:*:*:*'}
90393cad99a3f6f3;{'cpe:2.3:h:kyocera:taskalfa_4501i:-:*:*:*:*:*:*:*'};{'cpe:2.3:h:kyocera:taskalfa_4501i:-:*:*:*:*:*:*:*'}
6de69efb327ecd1e;{'cpe:2.3:h:lexmark:m3150:-:*:*:*:*:*:*:*', 'cpe:2.3:h:lexmark:cs510:-:*:*:*:*:*:*:*', 'cpe:2.3:h:lexmark:m5163:-:*:*:*:*:*:*:*', 'cpe:2.3:h:lexmark:m5170:-:*:*:*:*:*:*:*', 'cpe:2.3:h:lexmark:m5155:-:*:*:*:*:*:*:*'};{'cpe:2.3:h:lexmark:m3150:-:*:*:*:*:*:*:*', 'cpe:2.3:h:lexmark:cs510:-:*:*:*:*:*:*:*', 'cpe:2.3:h:lexmark:m5163:-:*:*:*:*:*:*:*', 'cpe:2.3:h:lexmark:m5170:-:*:*:*:*:*:*:*', 'cpe:2.3:h:lexmark:m5155:-:*:*:*:*:*:*:*'}
c89c62457d57cad7;{'cpe:2.3:h:ricoh:mp_c6003:-:*:*:*:*:*:*:*'};{'cpe:2.3:h:ricoh:mp_c6003:-:*:*:*:*:*:*:*'}
81b4adf86bae3671;{'cpe:2.3:h:lexmark:x860:-:*:*:*:*:*:*:*', 'cpe:2.3:h:lexmark:x658:-:*:*:*:*:*:*:*', 'cpe:2.3:h:lexmark:x656:-:*:*:*:*:*:*:*', 'cpe:2.3:h:lexmark:x864:-:*:*:*:*:*:*:*', 'cpe:2.3:h:lexmark:x466:-:*:*:*:*:*:*:*', 'cpe:2.3:h:lexmark:x862:-:*:*:*:*:*:*:*', 'cpe:2.3:h:lexmark:x738:-:*:*:*:*:*:*:*'};{'cpe:2.3:h:lexmark:x860:-:*:*:*:*:*:*:*', 'cpe:2.3:h:lexmark:x658:-:*:*:*:*:*:*:*', 'cpe:2.3:h:lexmark:x656:-:*:*:*:*:*:*:*', 'cpe:2.3:h:lexmark:x864:-:*:*:*:*:*:*:*', 'cpe:2.3:h:lexmark:x466:-:*:*:*:*:*:*:*', 'cpe:2.3:h:lexmark:x862:-:*:*:*:*:*:*:*', 'cpe:2.3:h:lexmark:x738:-:*:*:*:*:*:*:*'}
84dece5614d2db7b;{'cpe:2.3:h:xerox:workcentre_5135:-:*:*:*:*:*:*:*', 'cpe:2.3:h:xerox:workcentre_5150:-:*:*:*:*:*:*:*'};{'cpe:2.3:h:xerox:workcentre_5135:-:*:*:*:*:*:*:*', 'cpe:2.3:h:xerox:workcentre_5150:-:*:*:*:*:*:*:*'}
f0fa5d1487859497;{'cpe:2.3:h:xerox:workcentre_5655:-:*:*:*:*:*:*:*'};{'cpe:2.3:h:xerox:workcentre_5655:-:*:*:*:*:*:*:*', 'cpe:2.3:h:xerox:workcentre:5655:*:*:*:*:*:*:*'}
46639b3712d8a507;{'cpe:2.3:a:pulsesecure:pulse_connect_secure:9.1:r8.0:*:*:*:*:*:*', 'cpe:2.3:a:pulsesecure:pulse_connect_secure:9.1:r4.0:*:*:*:*:*:*', 'cpe:2.3:a:pulsesecure:pulse_connect_secure:9.1:r13:*:*:*:*:*:*', 'cpe:2.3:a:pulsesecure:pulse_connect_secure:9.1:r12.1:*:*:*:*:*:*', 'cpe:2.3:a:pulsesecure:pulse_connect_secure:9.1:r2:*:*:*:*:*:*', 'cpe:2.3:a:pulsesecure:pulse_connect_secure:9.1:r7:*:*:*:*:*:*', 'cpe:2.3:a:pulsesecure:pulse_connect_secure:9.1:r9.1:*:*:*:*:*:*', 'cpe:2.3:a:pulsesecure:pulse_connect_secure:9.1:r4.3:*:*:*:*:*:*', 'cpe:2.3:a:pulsesecure:pulse_connect_secure:9.1:r3:*:*:*:*:*:*', 'cpe:2.3:a:pulsesecure:pulse_connect_secure:9.1:r9.2:*:*:*:*:*:*', 'cpe:2.3:a:pulsesecure:pulse_connect_secure:9.1:r4:*:*:*:*:*:*', 'cpe:2.3:a:pulsesecure:pulse_connect_secure:9.1:r9:*:*:*:*:*:*', 'cpe:2.3:a:pulsesecure:pulse_connect_secure:9.1:r11.0:*:*:*:*:*:*', 'cpe:2.3:a:pulsesecure:pulse_connect_secure:9.1:-:*:*:*:*:*:*', 'cpe:2.3:a:pulsesecure:pulse_connect_secure:9.1:r8.1:*:*:*:*:*:*', 'cpe:2.3:a:pulsesecure:pulse_connect_secure:9.1:r3.0:*:*:*:*:*:*', 'cpe:2.3:a:pulsesecure:pulse_connect_secure:9.1:r10.2:*:*:*:*:*:*', 'cpe:2.3:a:pulsesecure:pulse_connect_secure:9.1:r9.0:*:*:*:*:*:*', 'cpe:2.3:a:pulsesecure:pulse_connect_secure:9.1:r8.2:*:*:*:*:*:*', 'cpe:2.3:a:pulsesecure:pulse_connect_secure:9.1:r7.0:*:*:*:*:*:*', 'cpe:2.3:a:pulsesecure:pulse_connect_secure:9.1:r12.2:*:*:*:*:*:*', 'cpe:2.3:a:pulsesecure:pulse_connect_secure:9.1:r12:*:*:*:*:*:*', 'cpe:2.3:a:pulsesecure:pulse_connect_secure:9.1:r11.3:*:*:*:*:*:*', 'cpe:2.3:a:pulsesecure:pulse_connect_secure:9.1:r11.4:*:*:*:*:*:*', 'cpe:2.3:a:pulsesecure:pulse_connect_secure:9.1:r2.0:*:*:*:*:*:*', 'cpe:2.3:a:pulsesecure:pulse_connect_secure:9.1:r8:*:*:*:*:*:*', 'cpe:2.3:a:pulsesecure:pulse_connect_secure:9.1:r4.2:*:*:*:*:*:*', 'cpe:2.3:a:pulsesecure:pulse_connect_secure:9.1:r10.0:*:*:*:*:*:*', 'cpe:2.3:a:pulsesecure:pulse_connect_secure:9.1:r5:*:*:*:*:*:*', 'cpe:2.3:a:pulsesecure:pulse_connect_secure:9.1:r6:*:*:*:*:*:*', 'cpe:2.3:a:pulsesecure:pulse_connect_secure:9.1:r11.1:*:*:*:*:*:*', 'cpe:2.3:a:pulsesecure:pulse_connect_secure:9.1:r6.0:*:*:*:*:*:*', 'cpe:2.3:a:pulsesecure:pulse_connect_secure:9.1:r1:*:*:*:*:*:*', 'cpe:2.3:a:pulsesecure:pulse_connect_secure:9.1:r8.4:*:*:*:*:*:*', 'cpe:2.3:a:pulsesecure:pulse_connect_secure:9.1:r4.1:*:*:*:*:*:*', 'cpe:2.3:a:pulsesecure:pulse_connect_secure:9.1:r5.0:*:*:*:*:*:*', 'cpe:2.3:a:pulsesecure:pulse_connect_secure:9.1:r1.0:*:*:*:*:*:*'};{'cpe:2.3:a:pulsesecure:pulse_connect_secure:9.1:r8.0:*:*:*:*:*:*', 'cpe:2.3:a:pulsesecure:pulse_connect_secure:9.1:r4.0:*:*:*:*:*:*', 'cpe:2.3:a:pulsesecure:pulse_connect_secure:9.1:r13:*:*:*:*:*:*', 'cpe:2.3:a:pulsesecure:pulse_connect_secure:9.1:r12.1:*:*:*:*:*:*', 'cpe:2.3:a:pulsesecure:pulse_connect_secure:9.1:r2:*:*:*:*:*:*', 'cpe:2.3:a:pulsesecure:pulse_connect_secure:9.1:r7:*:*:*:*:*:*', 'cpe:2.3:a:pulsesecure:pulse_connect_secure:9.1:r9.1:*:*:*:*:*:*', 'cpe:2.3:a:pulsesecure:pulse_connect_secure:9.1:r4.3:*:*:*:*:*:*', 'cpe:2.3:a:pulsesecure:pulse_connect_secure:9.1:r3:*:*:*:*:*:*', 'cpe:2.3:a:pulsesecure:pulse_connect_secure:9.1:r9.2:*:*:*:*:*:*', 'cpe:2.3:a:pulsesecure:pulse_connect_secure:9.1:r4:*:*:*:*:*:*', 'cpe:2.3:a:pulsesecure:pulse_connect_secure:9.1:r9:*:*:*:*:*:*', 'cpe:2.3:a:pulsesecure:pulse_connect_secure:9.1:r11.0:*:*:*:*:*:*', 'cpe:2.3:a:pulsesecure:pulse_connect_secure:9.1:-:*:*:*:*:*:*', 'cpe:2.3:a:pulsesecure:pulse_connect_secure:9.1:r8.1:*:*:*:*:*:*', 'cpe:2.3:a:pulsesecure:pulse_connect_secure:9.1:r3.0:*:*:*:*:*:*', 'cpe:2.3:a:pulsesecure:pulse_connect_secure:9.1:r10.2:*:*:*:*:*:*', 'cpe:2.3:a:pulsesecure:pulse_connect_secure:9.1:r9.0:*:*:*:*:*:*', 'cpe:2.3:a:pulsesecure:pulse_connect_secure:9.1:r8.2:*:*:*:*:*:*', 'cpe:2.3:a:pulsesecure:pulse_connect_secure:9.1:r7.0:*:*:*:*:*:*', 'cpe:2.3:a:pulsesecure:pulse_connect_secure:9.1:r12.2:*:*:*:*:*:*', 'cpe:2.3:a:pulsesecure:pulse_connect_secure:9.1:r12:*:*:*:*:*:*', 'cpe:2.3:a:pulsesecure:pulse_connect_secure:9.1:r11.3:*:*:*:*:*:*', 'cpe:2.3:a:pulsesecure:pulse_connect_secure:9.1:r11.4:*:*:*:*:*:*', 'cpe:2.3:a:pulsesecure:pulse_connect_secure:9.1:r2.0:*:*:*:*:*:*', 'cpe:2.3:a:pulsesecure:pulse_connect_secure:9.1:r8:*:*:*:*:*:*', 'cpe:2.3:a:pulsesecure:pulse_connect_secure:9.1:r4.2:*:*:*:*:*:*', 'cpe:2.3:a:pulsesecure:pulse_connect_secure:9.1:r10.0:*:*:*:*:*:*', 'cpe:2.3:a:pulsesecure:pulse_connect_secure:9.1:r5:*:*:*:*:*:*', 'cpe:2.3:a:pulsesecure:pulse_connect_secure:9.1:r6:*:*:*:*:*:*', 'cpe:2.3:a:pulsesecure:pulse_connect_secure:9.1:r11.1:*:*:*:*:*:*', 'cpe:2.3:a:pulsesecure:pulse_connect_secure:9.1:r6.0:*:*:*:*:*:*', 'cpe:2.3:a:pulsesecure:pulse_connect_secure:9.1:r1:*:*:*:*:*:*', 'cpe:2.3:a:pulsesecure:pulse_connect_secure:9.1:r8.4:*:*:*:*:*:*', 'cpe:2.3:a:pulsesecure:pulse_connect_secure:9.1:r4.1:*:*:*:*:*:*', 'cpe:2.3:a:pulsesecure:pulse_connect_secure:9.1:r5.0:*:*:*:*:*:*', 'cpe:2.3:a:pulsesecure:pulse_connect_secure:9.1:r1.0:*:*:*:*:*:*'}
fcb0f5e119bbaf40;{'cpe:2.3:o:juniper:junos:18.1:r3-s3:*:*:*:*:*:*', 'cpe:2.3:o:juniper:junos:18.1:r3-s13:*:*:*:*:*:*', 'cpe:2.3:o:juniper:junos:18.1:r3-s8:*:*:*:*:*:*', 'cpe:2.3:o:juniper:junos:18.1:r3:*:*:*:*:*:*', 'cpe:2.3:o:juniper:junos:18.1:r3-s2:*:*:*:*:*:*', 'cpe:2.3:o:juniper:junos:18.1:r3-s5:*:*:*:*:*:*', 'cpe:2.3:o:juniper:junos:18.1:r3-s7:*:*:*:*:*:*', 'cpe:2.3:o:juniper:junos:18.1:r3-s4:*:*:*:*:*:*', 'cpe:2.3:o:juniper:junos:18.1:r3-s6:*:*:*:*:*:*', 'cpe:2.3:o:juniper:junos:18.1:r3-s1:*:*:*:*:*:*', 'cpe:2.3:o:juniper:junos:18.1:r3-s9:*:*:*:*:*:*', 'cpe:2.3:o:juniper:junos:18.1:r3-s10:*:*:*:*:*:*', 'cpe:2.3:o:juniper:junos:18.1:r4:*:*:*:*:*:*', 'cpe:2.3:o:juniper:junos:18.1:r3-s12:*:*:*:*:*:*', 'cpe:2.3:o:juniper:junos:18.1:r3-s11:*:*:*:*:*:*'};{'cpe:2.3:o:juniper:junos:18.1:r3-s3:*:*:*:*:*:*', 'cpe:2.3:o:juniper:junos:18.1:r3-s13:*:*:*:*:*:*', 'cpe:2.3:o:juniper:junos:18.1:r3-s8:*:*:*:*:*:*', 'cpe:2.3:o:juniper:junos:18.1:r3:*:*:*:*:*:*', 'cpe:2.3:o:juniper:junos:18.1:r3-s2:*:*:*:*:*:*', 'cpe:2.3:o:juniper:junos:18.1:r3-s5:*:*:*:*:*:*', 'cpe:2.3:o:juniper:junos:18.1:r3-s7:*:*:*:*:*:*', 'cpe:2.3:o:juniper:junos:18.1:r3-s4:*:*:*:*:*:*', 'cpe:2.3:o:juniper:junos:18.1:r3-s6:*:*:*:*:*:*', 'cpe:2.3:o:juniper:junos:18.1:r3-s1:*:*:*:*:*:*', 'cpe:2.3:o:juniper:junos:18.1:r3-s9:*:*:*:*:*:*', 'cpe:2.3:o:juniper:junos:18.1:r3-s10:*:*:*:*:*:*', 'cpe:2.3:o:juniper:junos:18.1:r4:*:*:*:*:*:*', 'cpe:2.3:o:juniper:junos:18.1:r3-s12:*:*:*:*:*:*', 'cpe:2.3:o:juniper:junos:18.1:r3-s11:*:*:*:*:*:*'}
3c0b7e27c2a6c495;{'cpe:2.3:h:arubanetworks:5400:-:*:*:*:*:*:*:*', 'cpe:2.3:h:arubanetworks:3810:-:*:*:*:*:*:*:*', 'cpe:2.3:h:arubanetworks:2930f:-:*:*:*:*:*:*:*', 'cpe:2.3:h:arubanetworks:aruba_2930f:-:*:*:*:*:*:*:*', 'cpe:2.3:h:arubanetworks:2930:-:*:*:*:*:*:*:*', 'cpe:2.3:h:arubanetworks:5400r:-:*:*:*:*:*:*:*'};{'cpe:2.3:h:arubanetworks:5400:-:*:*:*:*:*:*:*', 'cpe:2.3:h:arubanetworks:3810:-:*:*:*:*:*:*:*', 'cpe:2.3:h:arubanetworks:2930f:-:*:*:*:*:*:*:*', 'cpe:2.3:h:arubanetworks:aruba_2930f:-:*:*:*:*:*:*:*', 'cpe:2.3:h:arubanetworks:2930:-:*:*:*:*:*:*:*', 'cpe:2.3:h:arubanetworks:5400r:-:*:*:*:*:*:*:*'}
5f6c863ef70f35a4;{'cpe:2.3:a:pulsesecure:pulse_connect_secure:8.2:r12.0:*:*:*:*:*:*', 'cpe:2.3:a:pulsesecure:pulse_connect_secure:8.2:r1.0:*:*:*:*:*:*', 'cpe:2.3:a:pulsesecure:pulse_connect_secure:8.2:r8.0:*:*:*:*:*:*', 'cpe:2.3:a:pulsesecure:pulse_connect_secure:8.2:r3.1:*:*:*:*:*:*', 'cpe:2.3:a:pulsesecure:pulse_connect_secure:8.2:r5.0:*:*:*:*:*:*', 'cpe:2.3:a:pulsesecure:pulse_connect_secure:8.2:r1:*:*:*:*:*:*', 'cpe:2.3:a:pulsesecure:pulse_connect_secure:8.2:r11.0:*:*:*:*:*:*', 'cpe:2.3:a:pulsesecure:pulse_connect_secure:8.2:r8.2:*:*:*:*:*:*', 'cpe:2.3:a:pulsesecure:pulse_connect_secure:8.2:r7.0:*:*:*:*:*:*', 'cpe:2.3:a:pulsesecure:pulse_connect_secure:8.2:r4.1:*:*:*:*:*:*', 'cpe:2.3:a:pulsesecure:pulse_connect_secure:8.2:r5.1:*:*:*:*:*:*', 'cpe:2.3:a:pulsesecure:pulse_connect_secure:8.2r8.2:*:*:*:*:*:*:*', 'cpe:2.3:a:pulsesecure:pulse_connect_secure:8.2:*:*:*:*:*:*:*', 'cpe:2.3:a:pulsesecure:pulse_connect_secure:8.2:r1.1:*:*:*:*:*:*', 'cpe:2.3:a:pulsesecure:pulse_connect_secure:8.2r8.0:*:*:*:*:*:*:*', 'cpe:2.3:a:pulsesecure:pulse_connect_secure:8.2:r7.2:*:*:*:*:*:*', 'cpe:2.3:a:pulsesecure:pulse_connect_secure:8.2:r6.0:*:*:*:*:*:*', 'cpe:2.3:a:pulsesecure:pulse_connect_secure:8.2:r2.0:*:*:*:*:*:*', 'cpe:2.3:a:pulsesecure:pulse_connect_secure:8.2r7.2:*:*:*:*:*:*:*', 'cpe:2.3:a:pulsesecure:pulse_connect_secure:8.2:r10.0:*:*:*:*:*:*', 'cpe:2.3:a:pulsesecure:pulse_connect_secure:8.2r12.0:*:*:*:*:*:*:*', 'cpe:2.3:a:pulsesecure:pulse_connect_secure:8.2:r3.0:*:*:*:*:*:*', 'cpe:2.3:a:pulsesecure:pulse_connect_secure:8.2rx:*:*:*:*:*:*:*', 'cpe:2.3:a:pulsesecure:pulse_connect_secure:8.2:r4.0:*:*:*:*:*:*', 'cpe:2.3:a:pulsesecure:pulse_connect_secure:8.2:r9.0:*:*:*:*:*:*', 'cpe:2.3:a:pulsesecure:pulse_connect_secure:8.2r11.0:*:*:*:*:*:*:*', 'cpe:2.3:a:pulsesecure:pulse_connect_secure:8.2:r8.1:*:*:*:*:*:*', 'cpe:2.3:a:pulsesecure:pulse_connect_secure:8.2:r7.1:*:*:*:*:*:*', 'cpe:2.3:a:pulsesecure:pulse_connect_secure:8.2r10.0:*:*:*:*:*:*:*', 'cpe:2.3:a:pulsesecure:pulse_connect_secure:8.2r9.0:*:*:*:*:*:*:*', 'cpe:2.3:a:pulsesecure:pulse_connect_secure:8.2r8.1:*:*:*:*:*:*:*'};{'cpe:2.3:a:pulsesecure:pulse_connect_secure:8.2:r12.0:*:*:*:*:*:*', 'cpe:2.3:a:pulsesecure:pulse_connect_secure:8.2:r1.0:*:*:*:*:*:*', 'cpe:2.3:a:pulsesecure:pulse_connect_secure:8.2:r8.0:*:*:*:*:*:*', 'cpe:2.3:a:pulsesecure:pulse_connect_secure:8.2:r3.1:*:*:*:*:*:*', 'cpe:2.3:a:pulsesecure:pulse_connect_secure:8.2:r5.0:*:*:*:*:*:*', 'cpe:2.3:a:pulsesecure:pulse_connect_secure:8.2:r1:*:*:*:*:*:*', 'cpe:2.3:a:pulsesecure:pulse_connect_secure:8.2:r11.0:*:*:*:*:*:*', 'cpe:2.3:a:pulsesecure:pulse_connect_secure:8.2:r8.2:*:*:*:*:*:*', 'cpe:2.3:a:pulsesecure:pulse_connect_secure:8.2:r7.0:*:*:*:*:*:*', 'cpe:2.3:a:pulsesecure:pulse_connect_secure:8.2:r4.1:*:*:*:*:*:*', 'cpe:2.3:a:pulsesecure:pulse_connect_secure:8.2:r5.1:*:*:*:*:*:*', 'cpe:2.3:a:pulsesecure:pulse_connect_secure:8.2r8.2:*:*:*:*:*:*:*', 'cpe:2.3:a:pulsesecure:pulse_connect_secure:8.2:*:*:*:*:*:*:*', 'cpe:2.3:a:pulsesecure:pulse_connect_secure:8.2:r1.1:*:*:*:*:*:*', 'cpe:2.3:a:pulsesecure:pulse_connect_secure:8.2r8.0:*:*:*:*:*:*:*', 'cpe:2.3:a:pulsesecure:pulse_connect_secure:8.2:r7.2:*:*:*:*:*:*', 'cpe:2.3:a:pulsesecure:pulse_connect_secure:8.2:r6.0:*:*:*:*:*:*', 'cpe:2.3:a:pulsesecure:pulse_connect_secure:8.2:r2.0:*:*:*:*:*:*', 'cpe:2.3:a:pulsesecure:pulse_connect_secure:8.2r7.2:*:*:*:*:*:*:*', 'cpe:2.3:a:pulsesecure:pulse_connect_secure:8.2:r10.0:*:*:*:*:*:*', 'cpe:2.3:a:pulsesecure:pulse_connect_secure:8.2r12.0:*:*:*:*:*:*:*', 'cpe:2.3:a:pulsesecure:pulse_connect_secure:8.2:r3.0:*:*:*:*:*:*', 'cpe:2.3:a:pulsesecure:pulse_connect_secure:8.2rx:*:*:*:*:*:*:*', 'cpe:2.3:a:pulsesecure:pulse_connect_secure:8.2:r4.0:*:*:*:*:*:*', 'cpe:2.3:a:pulsesecure:pulse_connect_secure:8.2:r9.0:*:*:*:*:*:*', 'cpe:2.3:a:pulsesecure:pulse_connect_secure:8.2r11.0:*:*:*:*:*:*:*', 'cpe:2.3:a:pulsesecure:pulse_connect_secure:8.2:r8.1:*:*:*:*:*:*', 'cpe:2.3:a:pulsesecure:pulse_connect_secure:8.2:r7.1:*:*:*:*:*:*', 'cpe:2.3:a:pulsesecure:pulse_connect_secure:8.2r10.0:*:*:*:*:*:*:*', 'cpe:2.3:a:pulsesecure:pulse_connect_secure:8.2r9.0:*:*:*:*:*:*:*', 'cpe:2.3:a:pulsesecure:pulse_connect_secure:8.2r8.1:*:*:*:*:*:*:*'}
2fa90f695b25b3c0;{'cpe:2.3:o:brocade:fabric_os:8.1.0:*:*:*:*:*:*:*', 'cpe:2.3:o:brocade:fabric_os:8.1.0c:*:*:*:*:*:*:*', 'cpe:2.3:o:brocade:fabric_os:8.1.0b:*:*:*:*:*:*:*', 'cpe:2.3:o:brocade:fabric_os:8.1.0a:*:*:*:*:*:*:*'};{'cpe:2.3:o:brocade:fabric_os:8.1.0:*:*:*:*:*:*:*', 'cpe:2.3:o:brocade:fabric_os:8.1.0c:*:*:*:*:*:*:*', 'cpe:2.3:o:brocade:fabric_os:8.1.0b:*:*:*:*:*:*:*', 'cpe:2.3:o:brocade:fabric_os:8.1.0a:*:*:*:*:*:*:*'}
2ffb389f469d9581;{'cpe:2.3:h:cisco:nexus_2000:-:*:*:*:*:*:*:*', 'cpe:2.3:h:cisco:nexus_9000:-:*:*:*:*:*:*:*', 'cpe:2.3:h:cisco:nexus_9000_in_standalone:-:*:*:*:*:*:*:*'};{'cpe:2.3:h:cisco:nexus_2000:-:*:*:*:*:*:*:*', 'cpe:2.3:h:cisco:nexus_9000:-:*:*:*:*:*:*:*', 'cpe:2.3:h:cisco:nexus_9000_in_standalone:-:*:*:*:*:*:*:*'}
c2d6b741b1090d2c;{'cpe:2.3:a:cisco:adaptive_security_appliance:9.4.4.37:*:*:*:*:*:*:*', 'cpe:2.3:a:cisco:unified_computing_system:5.5\\(203\\):*:*:*:*:*:*:*', 'cpe:2.3:a:cisco:adaptive_security_appliance:9.4.2.11:*:*:*:*:*:*:*', 'cpe:2.3:a:cisco:adaptive_security_appliance:9.4:*:*:*:*:*:*:*'};{'cpe:2.3:a:cisco:adaptive_security_appliance:9.4.4.37:*:*:*:*:*:*:*', 'cpe:2.3:a:cisco:unified_computing_system:5.5\\(203\\):*:*:*:*:*:*:*', 'cpe:2.3:a:cisco:adaptive_security_appliance:9.4.2.11:*:*:*:*:*:*:*', 'cpe:2.3:a:cisco:adaptive_security_appliance:9.4:*:*:*:*:*:*:*'}
c9381d99674d4600;{'cpe:2.3:a:ibm:websphere_mq:6.0.2.0:*:*:*:*:*:*:*'};
5a22fab9376989ef;{'cpe:2.3:o:cisco:email_security_appliance_firmware:9.1.1-000:*:*:*:*:*:*:*', 'cpe:2.3:a:cisco:email_security_appliance:9.1.1-000:*:*:*:*:*:*:*', 'cpe:2.3:a:cisco:email_security_appliance:9.1.1-036:*:*:*:*:*:*:*', 'cpe:2.3:o:cisco:email_security_appliance_firmware:9.1.1:*:*:*:*:*:*:*', 'cpe:2.3:h:cisco:email_security_appliance:9.1.1-000:*:*:*:*:*:*:*', 'cpe:2.3:a:cisco:email_security_appliance:9.1.0-011:*:*:*:*:*:*:*', 'cpe:2.3:h:cisco:email_security_appliance:9.1.0-032:*:*:*:*:*:*:*', 'cpe:2.3:o:cisco:email_security_appliance_firmware:9.1.2:*:*:*:*:*:*:*', 'cpe:2.3:a:cisco:email_security_appliance:9.1.0:*:*:*:*:*:*:*', 'cpe:2.3:o:cisco:email_security_appliance_firmware:9.1.2-028:*:*:*:*:*:*:*', 'cpe:2.3:o:cisco:email_security_appliance_firmware:9.1:*:*:*:*:*:*:*', 'cpe:2.3:a:cisco:email_security_appliance:9.1.0-101:*:*:*:*:*:*:*', 'cpe:2.3:o:cisco:email_security_appliance_firmware:9.1.2-023:*:*:*:*:*:*:*', 'cpe:2.3:o:cisco:email_security_appliance_firmware:9.1.0-032:*:*:*:*:*:*:*', 'cpe:2.3:o:cisco:email_security_appliance_firmware:9.1.2-036:*:*:*:*:*:*:*', 'cpe:2.3:a:cisco:email_security_appliance:9.1.0-032:*:*:*:*:*:*:*'};{'cpe:2.3:o:cisco:email_security_appliance_firmware:9.1.1-000:*:*:*:*:*:*:*', 'cpe:2.3:a:cisco:email_security_appliance:9.1.1-000:*:*:*:*:*:*:*', 'cpe:2.3:a:cisco:email_security_appliance:9.1.1-036:*:*:*:*:*:*:*', 'cpe:2.3:o:cisco:email_security_appliance_firmware:9.1.1:*:*:*:*:*:*:*', 'cpe:2.3:h:cisco:email_security_appliance:9.1.1-000:*:*:*:*:*:*:*', 'cpe:2.3:a:cisco:email_security_appliance:9.1.0-011:*:*:*:*:*:*:*', 'cpe:2.3:h:cisco:email_security_appliance:9.1.0-032:*:*:*:*:*:*:*', 'cpe:2.3:o:cisco:email_security_appliance_firmware:9.1.2:*:*:*:*:*:*:*', 'cpe:2.3:a:cisco:email_security_appliance:9.1.0:*:*:*:*:*:*:*', 'cpe:2.3:o:cisco:email_security_appliance_firmware:9.1.2-028:*:*:*:*:*:*:*', 'cpe:2.3:o:cisco:email_security_appliance_firmware:9.1:*:*:*:*:*:*:*', 'cpe:2.3:a:cisco:email_security_appliance:9.1.0-101:*:*:*:*:*:*:*', 'cpe:2.3:o:cisco:email_security_appliance_firmware:9.1.2-023:*:*:*:*:*:*:*', 'cpe:2.3:o:cisco:email_security_appliance_firmware:9.1.0-032:*:*:*:*:*:*:*', 'cpe:2.3:o:cisco:email_security_appliance_firmware:9.1.2-036:*:*:*:*:*:*:*', 'cpe:2.3:a:cisco:email_security_appliance:9.1.0-032:*:*:*:*:*:*:*'}
bc31fd0273ab72f8;{'cpe:2.3:o:juniper:junos:12.1:*:*:*:*:*:*:*', 'cpe:2.3:o:juniper:junos:12.1:-:*:*:*:*:*:*'};{'cpe:2.3:o:juniper:junos:12.1:*:*:*:*:*:*:*', 'cpe:2.3:o:juniper:junos:12.1:-:*:*:*:*:*:*'}
4df6657c29c83d9d;{'cpe:2.3:o:juniper:junos:13.3:r10:*:*:*:*:*:*', 'cpe:2.3:o:juniper:junos:13.2:r3:*:*:*:*:*:*', 'cpe:2.3:o:juniper:junos:13.3:r9:*:*:*:*:*:*', 'cpe:2.3:o:juniper:junos:13.2:r2:*:*:*:*:*:*', 'cpe:2.3:o:juniper:junos:13.2:r6:*:*:*:*:*:*', 'cpe:2.3:o:juniper:junos:13.3:r2:*:*:*:*:*:*', 'cpe:2.3:o:juniper:junos:13.3:r5:*:*:*:*:*:*', 'cpe:2.3:o:juniper:junos:13.2:r7-s1:*:*:*:*:*:*', 'cpe:2.3:o:juniper:junos:13.2:r4:*:*:*:*:*:*', 'cpe:2.3:o:juniper:junos:13.2:r5:*:*:*:*:*:*', 'cpe:2.3:o:juniper:junos:13.3:r4:*:*:*:*:*:*', 'cpe:2.3:o:juniper:junos:13.2:r1:*:*:*:*:*:*', 'cpe:2.3:o:juniper:junos:13.3:r3:*:*:*:*:*:*', 'cpe:2.3:o:juniper:junos:13.3:r7:*:*:*:*:*:*', 'cpe:2.3:o:juniper:junos:13.3:r4-s11:*:*:*:*:*:*', 'cpe:2.3:o:juniper:junos:13.3:r1:*:*:*:*:*:*', 'cpe:2.3:o:juniper:junos:13.3:r8:*:*:*:*:*:*', 'cpe:2.3:o:juniper:junos:13.3:r2-s2:*:*:*:*:*:*', 'cpe:2.3:o:juniper:junos:13.3:r6:*:*:*:*:*:*', 'cpe:2.3:o:juniper:junos:13.2:r8:*:*:*:*:*:*', 'cpe:2.3:o:juniper:junos:13.2:r7-s2:*:*:*:*:*:*', 'cpe:2.3:o:juniper:junos:13.2:r7:*:*:*:*:*:*'};{'cpe:2.3:o:juniper:junos:13.3:r10:*:*:*:*:*:*', 'cpe:2.3:o:juniper:junos:13.2:r3:*:*:*:*:*:*', 'cpe:2.3:o:juniper:junos:13.3:r9:*:*:*:*:*:*', 'cpe:2.3:o:juniper:junos:13.2:r2:*:*:*:*:*:*', 'cpe:2.3:o:juniper:junos:13.2:r6:*:*:*:*:*:*', 'cpe:2.3:o:juniper:junos:13.3:r2:*:*:*:*:*:*', 'cpe:2.3:o:juniper:junos:13.3:r5:*:*:*:*:*:*', 'cpe:2.3:o:juniper:junos:13.2:r7-s1:*:*:*:*:*:*', 'cpe:2.3:o:juniper:junos:13.2:r4:*:*:*:*:*:*', 'cpe:2.3:o:juniper:junos:13.2:r5:*:*:*:*:*:*', 'cpe:2.3:o:juniper:junos:13.3:r4:*:*:*:*:*:*', 'cpe:2.3:o:juniper:junos:13.2:r1:*:*:*:*:*:*', 'cpe:2.3:o:juniper:junos:13.3:r3:*:*:*:*:*:*', 'cpe:2.3:o:juniper:junos:13.3:r7:*:*:*:*:*:*', 'cpe:2.3:o:juniper:junos:13.3:r4-s11:*:*:*:*:*:*', 'cpe:2.3:o:juniper:junos:13.3:r1:*:*:*:*:*:*', 'cpe:2.3:o:juniper:junos:13.3:r8:*:*:*:*:*:*', 'cpe:2.3:o:juniper:junos:13.3:r2-s2:*:*:*:*:*:*', 'cpe:2.3:o:juniper:junos:13.3:r6:*:*:*:*:*:*', 'cpe:2.3:o:juniper:junos:13.2:r8:*:*:*:*:*:*', 'cpe:2.3:o:juniper:junos:13.2:r7-s2:*:*:*:*:*:*', 'cpe:2.3:o:juniper:junos:13.2:r7:*:*:*:*:*:*'}
5363c965946540d2;{'cpe:2.3:o:arubanetworks:arubaos:6.3.1.7:*:*:*:*:*:*:*', 'cpe:2.3:o:arubanetworks:arubaos:6.3.1.13:*:*:*:*:*:*:*', 'cpe:2.3:o:arubanetworks:arubaos:6.3.1.25:*:*:*:*:*:*:*', 'cpe:2.3:o:arubanetworks:arubaos:6.3.1.6:*:*:*:*:*:*:*', 'cpe:2.3:o:arubanetworks:arubaos:6.3.1.5:*:*:*:*:*:*:*', 'cpe:2.3:o:arubanetworks:arubaos:6.3.1.1:*:*:*:*:*:*:*', 'cpe:2.3:o:arubanetworks:arubaos:6.3.1.9:*:*:*:*:*:*:*', 'cpe:2.3:o:arubanetworks:arubaos:6.3.1.12:*:*:*:*:*:*:*', 'cpe:2.3:o:arubanetworks:arubaos:6.3.1.11:*:*:*:*:*:*:*', 'cpe:2.3:o:arubanetworks:arubaos:6.3.1.10:*:*:*:*:*:*:*', 'cpe:2.3:o:arubanetworks:arubaos:6.3.1.3:*:*:*:*:*:*:*', 'cpe:2.3:o:arubanetworks:arubaos:6.3.1.4:*:*:*:*:*:*:*', 'cpe:2.3:o:arubanetworks:arubaos:6.3.1.8:*:*:*:*:*:*:*', 'cpe:2.3:o:arubanetworks:arubaos:6.3.1:*:*:*:*:*:*:*', 'cpe:2.3:o:arubanetworks:arubaos:6.3.0.0:*:*:*:*:*:*:*', 'cpe:2.3:o:arubanetworks:arubaos:6.3.1.14:*:*:*:*:*:*:*', 'cpe:2.3:o:arubanetworks:arubaos:6.3.1.2:*:*:*:*:*:*:*'};{'cpe:2.3:o:arubanetworks:arubaos:6.3.1.7:*:*:*:*:*:*:*', 'cpe:2.3:o:arubanetworks:arubaos:6.3.1.13:*:*:*:*:*:*:*', 'cpe:2.3:o:arubanetworks:arubaos:6.3.1.25:*:*:*:*:*:*:*', 'cpe:2.3:o:arubanetworks:arubaos:6.3.1.6:*:*:*:*:*:*:*', 'cpe:2.3:o:arubanetworks:arubaos:6.3.1.5:*:*:*:*:*:*:*', 'cpe:2.3:o:arubanetworks:arubaos:6.3.1.1:*:*:*:*:*:*:*', 'cpe:2.3:o:arubanetworks:arubaos:6.3.1.9:*:*:*:*:*:*:*', 'cpe:2.3:o:arubanetworks:arubaos:6.3.1.12:*:*:*:*:*:*:*', 'cpe:2.3:o:arubanetworks:arubaos:6.3.1.11:*:*:*:*:*:*:*', 'cpe:2.3:o:arubanetworks:arubaos:6.3.1.10:*:*:*:*:*:*:*', 'cpe:2.3:o:arubanetworks:arubaos:6.3.1.3:*:*:*:*:*:*:*', 'cpe:2.3:o:arubanetworks:arubaos:6.3.1.4:*:*:*:*:*:*:*', 'cpe:2.3:o:arubanetworks:arubaos:6.3.1.8:*:*:*:*:*:*:*', 'cpe:2.3:o:arubanetworks:arubaos:6.3.1:*:*:*:*:*:*:*', 'cpe:2.3:o:arubanetworks:arubaos:6.3.0.0:*:*:*:*:*:*:*', 'cpe:2.3:o:arubanetworks:arubaos:6.3.1.14:*:*:*:*:*:*:*', 'cpe:2.3:o:arubanetworks:arubaos:6.3.1.2:*:*:*:*:*:*:*'}
ced6a96150257cc8;{'cpe:2.3:o:juniper:junos:12.1x44:d15:*:*:*:*:*:*', 'cpe:2.3:o:juniper:junos:12.1:-:*:*:*:*:*:*', 'cpe:2.3:o:juniper:junos:12.1x44:-:*:*:*:*:*:*', 'cpe:2.3:o:juniper:junos:12.1:*:*:*:*:*:*:*', 'cpe:2.3:o:juniper:junos:12.1x44:*:*:*:*:*:*:*'};{'cpe:2.3:o:juniper:junos:12.1x44:d15:*:*:*:*:*:*', 'cpe:2.3:o:juniper:junos:12.1:-:*:*:*:*:*:*', 'cpe:2.3:o:juniper:junos:12.1x44:-:*:*:*:*:*:*', 'cpe:2.3:o:juniper:junos:12.1:*:*:*:*:*:*:*', 'cpe:2.3:o:juniper:junos:12.1x44:*:*:*:*:*:*:*'}
5a32443b7ba2a43c;{'cpe:2.3:h:f5:big-ip_6900:-:*:*:*:*:*:*:*', 'cpe:2.3:h:f5:big-ip_11050:-:*:*:*:*:*:*:*', 'cpe:2.3:a:f5:big-ip_local_traffic_manager:-:*:*:*:*:*:*:*', 'cpe:2.3:h:f5:big-ip_8900:-:*:*:*:*:*:*:*'};{'cpe:2.3:h:f5:big-ip_6900:-:*:*:*:*:*:*:*', 'cpe:2.3:h:f5:big-ip_11050:-:*:*:*:*:*:*:*', 'cpe:2.3:a:f5:big-ip_local_traffic_manager:-:*:*:*:*:*:*:*', 'cpe:2.3:h:f5:big-ip_8900:-:*:*:*:*:*:*:*'}
c00badf009dbc913;{'cpe:2.3:o:juniper:junos:10.4r:*:*:*:*:*:*:*', 'cpe:2.3:o:juniper:junos:10.4:*:*:*:*:*:*:*', 'cpe:2.3:o:juniper:junos:10.4s:*:*:*:*:*:*:*'};{'cpe:2.3:o:juniper:junos:10.4r:*:*:*:*:*:*:*', 'cpe:2.3:o:juniper:junos:10.4:*:*:*:*:*:*:*', 'cpe:2.3:o:juniper:junos:10.4s:*:*:*:*:*:*:*'}
fab63a8edb95a30f;{'cpe:2.3:o:cisco:nx-os:5.2\\(3\\):*:*:*:*:*:*:*', 'cpe:2.3:o:cisco:nx-os:5.2\\(1\\):-:*:*:*:*:*:*', 'cpe:2.3:o:cisco:nx-os:5.1\\(5\\):*:*:*:*:*:*:*', 'cpe:2.3:o:cisco:nx-os:5.1\\(6\\):*:*:*:*:*:*:*', 'cpe:2.3:o:cisco:nx-os:5.2\\(5\\):*:*:*:*:*:*:*', 'cpe:2.3:o:cisco:nx-os:5.1\\(2\\):*:*:*:*:*:*:*', 'cpe:2.3:o:cisco:nx-os:5.1\\(4\\):*:*:*:*:*:*:*', 'cpe:2.3:o:cisco:nx-os:5.1\\(1\\):*:*:*:*:*:*:*', 'cpe:2.3:o:cisco:nx-os:5.2\\(1\\)n1\\(3\\):*:*:*:*:*:*:*', 'cpe:2.3:o:cisco:nx-os:5.2\\(9\\):*:*:*:*:*:*:*', 'cpe:2.3:o:cisco:nx-os:5.2\\\\\\(9\\\\\\):*:*:*:*:*:*:*', 'cpe:2.3:o:cisco:nx-os:5.1.3:*:*:*:*:*:*:*', 'cpe:2.3:a:cisco:secure_access_control_server:5.1:*:*:*:*:*:*:*', 'cpe:2.3:o:cisco:nx-os:5.2\\(1\\):*:*:*:*:*:*:*', 'cpe:2.3:o:cisco:nx-os:5.1\\(3\\):*:*:*:*:*:*:*', 'cpe:2.3:a:cisco:secure_access_control_server:5.2:*:*:*:*:*:*:*', 'cpe:2.3:o:cisco:nx-os:5.2\\(4\\):*:*:*:*:*:*:*', 'cpe:2.3:o:cisco:nx-os:5.2\\(7\\):*:*:*:*:*:*:*'};{'cpe:2.3:o:cisco:nx-os:5.2\\(3\\):*:*:*:*:*:*:*', 'cpe:2.3:o:cisco:nx-os:5.2\\(1\\):-:*:*:*:*:*:*', 'cpe:2.3:o:cisco:nx-os:5.1\\(5\\):*:*:*:*:*:*:*', 'cpe:2.3:o:cisco:nx-os:5.1\\(6\\):*:*:*:*:*:*:*', 'cpe:2.3:o:cisco:nx-os:5.2\\(5\\):*:*:*:*:*:*:*', 'cpe:2.3:o:cisco:nx-os:5.1\\(2\\):*:*:*:*:*:*:*', 'cpe:2.3:o:cisco:nx-os:5.1\\(4\\):*:*:*:*:*:*:*', 'cpe:2.3:o:cisco:nx-os:5.1\\(1\\):*:*:*:*:*:*:*', 'cpe:2.3:o:cisco:nx-os:5.2\\(1\\)n1\\(3\\):*:*:*:*:*:*:*', 'cpe:2.3:o:cisco:nx-os:5.2\\(9\\):*:*:*:*:*:*:*', 'cpe:2.3:o:cisco:nx-os:5.2\\\\\\(9\\\\\\):*:*:*:*:*:*:*', 'cpe:2.3:o:cisco:nx-os:5.1.3:*:*:*:*:*:*:*', 'cpe:2.3:o:cisco:nx-os:5.2\\(1\\):*:*:*:*:*:*:*', 'cpe:2.3:o:cisco:nx-os:5.1\\(3\\):*:*:*:*:*:*:*', 'cpe:2.3:a:cisco:secure_access_control_server:5.2:*:*:*:*:*:*:*', 'cpe:2.3:o:cisco:nx-os:5.2\\(4\\):*:*:*:*:*:*:*', 'cpe:2.3:o:cisco:nx-os:5.2\\(7\\):*:*:*:*:*:*:*'}
8dac72b27b58165d;{'cpe:2.3:h:cisco:1240:-:*:*:*:*:*:*:*', 'cpe:2.3:a:cisco:wireless_lan_controllers:-:*:*:*:*:*:*:*', 'cpe:2.3:h:cisco:catalyst_6500:-:*:*:*:*:*:*:*'};{'cpe:2.3:h:cisco:catalyst_6500:-:*:*:*:*:*:*:*'}
370d590d42b7d9f3;{'cpe:2.3:o:redhat:enterprise_linux_server_aus:7.6:*:*:*:*:*:*:*', 'cpe:2.3:o:redhat:enterprise_linux_for_power_big_endian_eus:7.6_ppc64:*:*:*:*:*:*:*', 'cpe:2.3:o:redhat:enterprise_linux_tus:7.6:*:*:*:*:*:*:*', 'cpe:2.3:o:redhat:enterprise_linux_server_eus:7.6:*:*:*:*:*:*:*', 'cpe:2.3:o:redhat:enterprise_linux:7.6:*:*:*:*:*:*:*', 'cpe:2.3:o:redhat:enterprise_linux_for_ibm_z_systems_eus:7.6:*:*:*:*:*:*:*', 'cpe:2.3:o:redhat:enterprise_linux_eus:7.6:*:*:*:*:*:*:*', 'cpe:2.3:o:redhat:enterprise_linux_for_power_big_endian_eus:7.6:*:*:*:*:*:*:*', 'cpe:2.3:a:redhat:enterprise_linux_server_update_services_for_sap_solutions:7.6:*:*:*:*:*:*:*', 'cpe:2.3:o:redhat:enterprise_linux_server_update_services_for_sap_solutions:7.6:*:*:*:*:*:*:*', 'cpe:2.3:o:redhat:enterprise_linux_server:7.6:*:*:*:*:*:*:*', 'cpe:2.3:o:redhat:enterprise_linux_for_power_little_endian_eus:7.6:*:*:*:*:*:*:*', 'cpe:2.3:o:redhat:enterprise_linux_server_for_power_little_endian:7.6:*:*:*:*:*:*:*', 'cpe:2.3:o:redhat:enterprise_linux_server_for_power_little_endian_update_services_for_sap_solutions:7.6:*:*:*:*:*:*:*', 'cpe:2.3:o:redhat:enterprise_linux_server_tus:7.6:*:*:*:*:*:*:*', 'cpe:2.3:o:redhat:enterprise_linux_compute_node_eus:7.6:*:*:*:*:*:*:*', 'cpe:2.3:o:redhat:enterprise_linux_aus:7.6:*:*:*:*:*:*:*'};{'cpe:2.3:o:redhat:enterprise_linux_server_aus:7.6:*:*:*:*:*:*:*', 'cpe:2.3:o:redhat:enterprise_linux_for_power_big_endian_eus:7.6_ppc64:*:*:*:*:*:*:*', 'cpe:2.3:o:redhat:enterprise_linux_tus:7.6:*:*:*:*:*:*:*', 'cpe:2.3:o:redhat:enterprise_linux_server_eus:7.6:*:*:*:*:*:*:*', 'cpe:2.3:o:redhat:enterprise_linux:7.6:*:*:*:*:*:*:*', 'cpe:2.3:o:redhat:enterprise_linux_for_ibm_z_systems_eus:7.6:*:*:*:*:*:*:*', 'cpe:2.3:o:redhat:enterprise_linux_eus:7.6:*:*:*:*:*:*:*', 'cpe:2.3:o:redhat:enterprise_linux_for_power_big_endian_eus:7.6:*:*:*:*:*:*:*', 'cpe:2.3:a:redhat:enterprise_linux_server_update_services_for_sap_solutions:7.6:*:*:*:*:*:*:*', 'cpe:2.3:o:redhat:enterprise_linux_server_update_services_for_sap_solutions:7.6:*:*:*:*:*:*:*', 'cpe:2.3:o:redhat:enterprise_linux_server:7.6:*:*:*:*:*:*:*', 'cpe:2.3:o:redhat:enterprise_linux_for_power_little_endian_eus:7.6:*:*:*:*:*:*:*', 'cpe:2.3:o:redhat:enterprise_linux_server_for_power_little_endian:7.6:*:*:*:*:*:*:*', 'cpe:2.3:o:redhat:enterprise_linux_server_for_power_little_endian_update_services_for_sap_solutions:7.6:*:*:*:*:*:*:*', 'cpe:2.3:o:redhat:enterprise_linux_server_tus:7.6:*:*:*:*:*:*:*', 'cpe:2.3:o:redhat:enterprise_linux_compute_node_eus:7.6:*:*:*:*:*:*:*', 'cpe:2.3:o:redhat:enterprise_linux_aus:7.6:*:*:*:*:*:*:*'}
c518dd59d12daf17;{'cpe:2.3:o:suse:suse_linux_enterprise_server:12:-:*:*:*:*:*:*', 'cpe:2.3:o:suse:linux_enterprise_server:12:*:*:*:*:*:*:*', 'cpe:2.3:o:suse:linux_enterprise:12.0:*:*:*:*:*:*:*', 'cpe:2.3:o:suse:linux_enterprise_server:12:-:*:*:*:*:*:*', 'cpe:2.3:o:suse:suse_linux_enterprise_server:12:*:*:*:*:*:*:*'};{'cpe:2.3:o:suse:suse_linux_enterprise_server:12:-:*:*:*:*:*:*', 'cpe:2.3:o:suse:linux_enterprise_server:12:*:*:*:*:*:*:*', 'cpe:2.3:o:suse:linux_enterprise:12.0:*:*:*:*:*:*:*', 'cpe:2.3:o:suse:linux_enterprise_server:12:-:*:*:*:*:*:*', 'cpe:2.3:o:suse:suse_linux_enterprise_server:12:*:*:*:*:*:*:*'}
91b4970cffe1bb3f;{'cpe:2.3:a:vmware:workstation:5.5:*:*:*:*:*:*:*', 'cpe:2.3:a:vmware:vsphere_client:5.5:u1:*:*:*:*:*:*', 'cpe:2.3:a:vmware:vsphere_client:5.5:u2:*:*:*:*:*:*', 'cpe:2.3:a:vmware:vsphere_client:5.5:u3b:*:*:*:*:*:*', 'cpe:2.3:a:vmware:workstation:5.5.2:*:*:*:*:*:*:*', 'cpe:2.3:a:vmware:vsphere_server:5.5:u2:*:*:*:*:*:*', 'cpe:2.3:a:vmware:vsphere_server:5.5:u1:*:*:*:*:*:*', 'cpe:2.3:a:vmware:workstation:5.5.5:*:*:*:*:*:*:*', 'cpe:2.3:a:vmware:vsphere_server:5.5:u3b:*:*:*:*:*:*', 'cpe:2.3:a:vmware:vsphere:5.5:*:*:*:*:*:*:*', 'cpe:2.3:a:vmware:vsphere_client:5.5:u3a:*:*:*:*:*:*', 'cpe:2.3:a:vmware:vsphere_server:5.5:u3a:*:*:*:*:*:*'};{'cpe:2.3:a:vmware:vsphere_client:5.5:u2:*:*:*:*:*:*', 'cpe:2.3:a:vmware:vsphere_client:5.5:u3b:*:*:*:*:*:*', 'cpe:2.3:a:vmware:vsphere_server:5.5:u2:*:*:*:*:*:*', 'cpe:2.3:a:vmware:vsphere_server:5.5:u3b:*:*:*:*:*:*', 'cpe:2.3:a:vmware:vsphere_client:5.5:u3a:*:*:*:*:*:*', 'cpe:2.3:a:vmware:vsphere_server:5.5:u3a:*:*:*:*:*:*'}
7f1f7bffe46d4c85;{'cpe:2.3:o:suse:linux_enterprise_server:11:sp3:*:*:*:-:*:*', 'cpe:2.3:o:suse:suse_linux_enterprise_server:11:sp2:*:*:*:*:*:*', 'cpe:2.3:o:suse:suse_linux_enterprise_server:11:sp3:*:*:*:*:*:*', 'cpe:2.3:o:suse:suse_linux_enterprise_server:11:sp4:*:*:*:*:*:*', 'cpe:2.3:o:suse:linux_enterprise_server:11:sp2:*:*:*:-:*:*', 'cpe:2.3:o:suse:linux_enterprise_server:11.0:sp3:*:*:*:-:*:*', 'cpe:2.3:o:suse:linux_enterprise_server:11:sp2:*:*:-:*:*:*', 'cpe:2.3:o:suse:linux_enterprise_java:11:sp2:*:*:*:*:*:*', 'cpe:2.3:o:suse:linux_enterprise_server:11:sp4:*:*:*:*:*:*', 'cpe:2.3:o:suse:linux_enterprise_sdk:11:sp2:*:*:*:*:*:*', 'cpe:2.3:o:suse:suse_linux_enterprise_server:11:sp2:*:*:*:-:*:*', 'cpe:2.3:o:suse:suse_linux_enterprise_server:11:sp3:*:*:*:-:*:*', 'cpe:2.3:o:suse:linux_enterprise_sdk:11:sp3:*:*:*:*:*:*', 'cpe:2.3:o:suse:linux_enterprise_server:11:sp3:*:*:*:*:*:*'};{'cpe:2.3:o:suse:linux_enterprise_server:11:sp3:*:*:*:-:*:*', 'cpe:2.3:o:suse:suse_linux_enterprise_server:11:sp2:*:*:*:*:*:*', 'cpe:2.3:o:suse:suse_linux_enterprise_server:11:sp3:*:*:*:*:*:*', 'cpe:2.3:o:suse:suse_linux_enterprise_server:11:sp4:*:*:*:*:*:*', 'cpe:2.3:o:suse:linux_enterprise_server:11:sp2:*:*:*:-:*:*', 'cpe:2.3:o:suse:linux_enterprise_server:11.0:sp3:*:*:*:-:*:*', 'cpe:2.3:o:suse:linux_enterprise_server:11:sp2:*:*:-:*:*:*', 'cpe:2.3:o:suse:linux_enterprise_java:11:sp2:*:*:*:*:*:*', 'cpe:2.3:o:suse:linux_enterprise_server:11:sp4:*:*:*:*:*:*', 'cpe:2.3:o:suse:linux_enterprise_sdk:11:sp2:*:*:*:*:*:*', 'cpe:2.3:o:suse:suse_linux_enterprise_server:11:sp2:*:*:*:-:*:*', 'cpe:2.3:o:suse:suse_linux_enterprise_server:11:sp3:*:*:*:-:*:*', 'cpe:2.3:o:suse:linux_enterprise_sdk:11:sp3:*:*:*:*:*:*', 'cpe:2.3:o:suse:linux_enterprise_server:11:sp3:*:*:*:*:*:*'}
08e7835ada5a27bc;{'cpe:2.3:o:redhat:enterprise_linux_aus:5.6:*:*:*:*:*:*:*'};{'cpe:2.3:o:redhat:enterprise_linux_aus:5.6:*:*:*:*:*:*:*'}
9c239b3189c3937c;{'cpe:2.3:o:microsoft:windows_mobile:6.0:*:standard:*:*:*:*:*', 'cpe:2.3:o:microsoft:windows_mobile:6.1:*:*:*:*:*:*:*', 'cpe:2.3:o:microsoft:windows_mobile:6.0:*:pro:*:*:*:*:*', 'cpe:2.3:o:microsoft:windows_mobile:6.5:*:*:*:*:*:*:*', 'cpe:2.3:o:microsoft:windows_mobile:6.0:*:*:*:*:*:*:*'};{'cpe:2.3:o:microsoft:windows_mobile:6.0:*:standard:*:*:*:*:*', 'cpe:2.3:o:microsoft:windows_mobile:6.1:*:*:*:*:*:*:*', 'cpe:2.3:o:microsoft:windows-ce:5.2.318:*:*:*:*:*:*:*', 'cpe:2.3:o:microsoft:windows_mobile:6.5:*:*:*:*:*:*:*', 'cpe:2.3:o:microsoft:windows_mobile:6.0:*:*:*:*:*:*:*'}
58bfa78b80ae8716;{'cpe:2.3:o:microsoft:windows-nt:2003:*:*:*:*:*:*:*'};{'cpe:2.3:o:microsoft:windows-nt:2003:*:*:*:*:*:*:*'}
c4e6a655a15144dd;{'cpe:2.3:o:suse:suse_linux:8.0:*:*:*:*:*:*:*', 'cpe:2.3:o:suse:suse_linux:8.2:*:*:*:*:*:*:*', 'cpe:2.3:o:suse:suse_linux:8.1:*:*:*:*:*:*:*', 'cpe:2.3:o:suse:linux_enterprise_server:8:*:*:*:*:*:*:*'};
5e8e4967caf249ce;{'cpe:2.3:o:redhat:enterprise_linux:3:*:*:*:*:*:*:*', 'cpe:2.3:o:redhat:linux:2.0:*:*:*:*:*:*:*', 'cpe:2.3:o:redhat:linux:3.0:*:*:*:*:*:*:*', 'cpe:2.3:o:redhat:linux:3.0.3:*:*:*:*:*:*:*', 'cpe:2.3:o:redhat:enterprise_linux:2.1:*:*:*:*:*:*:*', 'cpe:2.3:o:redhat:enterprise_linux:3.0:*:*:*:*:*:*:*', 'cpe:2.3:o:redhat:linux:2.1:*:*:*:*:*:*:*', 'cpe:2.3:o:redhat:linux:2.4.2:*:*:*:*:*:*:*', 'cpe:2.3:o:redhat:enterprise_linux:3:ga:*:*:*:*:*:*', 'cpe:2.3:o:redhat:linux:2.6.2:*:*:*:*:*:*:*'};
496fa9c55e41803f;{'cpe:2.3:h:fujifilm:docucentre-vi_c6671:-:*:*:*:*:*:*:*', 'cpe:2.3:h:fujifilm:apeosport-vi_c7771:-:*:*:*:*:*:*:*', 'cpe:2.3:h:fujifilm:apeosport-vi_c6671:-:*:*:*:*:*:*:*', 'cpe:2.3:h:fujifilm:apeosport-vi_c4471:-:*:*:*:*:*:*:*', 'cpe:2.3:h:fujifilm:docucentre-vi_c3371:-:*:*:*:*:*:*:*', 'cpe:2.3:h:fujifilm:docucentre-vi_c2271:-:*:*:*:*:*:*:*', 'cpe:2.3:h:fujifilm:apeosport-vi_c3371:-:*:*:*:*:*:*:*', 'cpe:2.3:h:fujifilm:docucentre-vi_c4471:-:*:*:*:*:*:*:*', 'cpe:2.3:h:fujifilm:docucentre-vi_c5571:-:*:*:*:*:*:*:*', 'cpe:2.3:h:fujifilm:apeosport-vi_c3370:-:*:*:*:*:*:*:*', 'cpe:2.3:h:fujifilm:apeosport-vi_c5571:-:*:*:*:*:*:*:*', 'cpe:2.3:h:fujifilm:docucentre-vi_c7771:-:*:*:*:*:*:*:*', 'cpe:2.3:h:fujifilm:docucentre-vi_c3370:-:*:*:*:*:*:*:*', 'cpe:2.3:h:fujifilm:apeosport-vi_c2271:-:*:*:*:*:*:*:*'};{'cpe:2.3:h:fujifilm:apeosport-vi_c7771:-:*:*:*:*:*:*:*', 'cpe:2.3:a:fujifilm:apeosport-vi:c7771:*:*:*:*:*:*:*', 'cpe:2.3:a:fujifilm:docucentre-vi:c7771:*:*:*:*:*:*:*', 'cpe:2.3:h:fujifilm:apeosport-vi_c3370:-:*:*:*:*:*:*:*', 'cpe:2.3:h:fujifilm:docucentre-vi_c6671:-:*:*:*:*:*:*:*', 'cpe:2.3:h:fujifilm:apeosport-vi_c4471:-:*:*:*:*:*:*:*', 'cpe:2.3:h:fujifilm:docucentre-vi_c3371:-:*:*:*:*:*:*:*', 'cpe:2.3:h:fujifilm:apeosport-vi_c3371:-:*:*:*:*:*:*:*', 'cpe:2.3:h:fujifilm:docucentre-vi_c5571:-:*:*:*:*:*:*:*', 'cpe:2.3:a:fujifilm:apeosport-vi:c6671:*:*:*:*:*:*:*', 'cpe:2.3:h:fujifilm:apeosport-vi_c5571:-:*:*:*:*:*:*:*', 'cpe:2.3:a:fujifilm:docucentre-vi:c2271:*:*:*:*:*:*:*', 'cpe:2.3:a:fujifilm:docucentre-vi:c5571:*:*:*:*:*:*:*', 'cpe:2.3:a:fujifilm:apeosport-vi:c5571:*:*:*:*:*:*:*', 'cpe:2.3:a:fujifilm:apeosport-vi:c3371:*:*:*:*:*:*:*', 'cpe:2.3:h:fujifilm:docucentre-vi_c3370:-:*:*:*:*:*:*:*', 'cpe:2.3:h:fujifilm:apeosport-vi_c2271:-:*:*:*:*:*:*:*', 'cpe:2.3:a:fujifilm:docucentre-vi:c6671:*:*:*:*:*:*:*', 'cpe:2.3:h:fujifilm:docucentre-vi_c4471:-:*:*:*:*:*:*:*', 'cpe:2.3:h:fujifilm:apeosport-vi_c6671:-:*:*:*:*:*:*:*', 'cpe:2.3:a:fujifilm:apeosport-vi:c4471:*:*:*:*:*:*:*', 'cpe:2.3:h:fujifilm:docucentre-vi_c2271:-:*:*:*:*:*:*:*', 'cpe:2.3:a:fujifilm:apeosport-vi:c2271:*:*:*:*:*:*:*', 'cpe:2.3:h:fujifilm:docucentre-vi_c7771:-:*:*:*:*:*:*:*', 'cpe:2.3:a:fujifilm:docucentre-vi:c4471:*:*:*:*:*:*:*', 'cpe:2.3:a:fujifilm:docucentre-vi:c3371:*:*:*:*:*:*:*'}
6266d99d3b983091;{'cpe:2.3:a:emc:avamar:7.2.1:*:*:*:*:*:*:*', 'cpe:2.3:a:emc:avamar_server:7.2.1-32:*:*:*:*:*:*:*', 'cpe:2.3:a:emc:avamar_server:7.2.1-31:*:*:*:*:*:*:*'};{'cpe:2.3:a:emc:avamar:7.2.1:*:*:*:*:*:*:*', 'cpe:2.3:a:emc:avamar_server:7.2.1-32:*:*:*:*:*:*:*', 'cpe:2.3:a:emc:avamar_server:7.2.1-31:*:*:*:*:*:*:*'}
a2dcbc493cda0cad;{'cpe:2.3:h:samsung:note_10:-:*:*:*:*:*:*:*', 'cpe:2.3:h:samsung:galaxy_note_2:-:*:*:*:*:*:*:*', 'cpe:2.3:h:samsung:galaxy_note_5:-:*:*:*:*:*:*:*', 'cpe:2.3:h:samsung:galaxy_note_4:-:*:*:*:*:*:*:*', 'cpe:2.3:h:samsung:note2:-:*:*:*:*:*:*:*'};{'cpe:2.3:h:samsung:galaxy_note_4:-:*:*:*:*:*:*:*'}
05b00a4641691999;{'cpe:2.3:h:samsung:note_10:-:*:*:*:*:*:*:*', 'cpe:2.3:h:samsung:galaxy_note_4:-:*:*:*:*:*:*:*', 'cpe:2.3:h:samsung:galaxy_note_5:-:*:*:*:*:*:*:*'};{'cpe:2.3:h:samsung:galaxy_note_4:-:*:*:*:*:*:*:*'}
ecec6916d2fa17de;{'cpe:2.3:h:konicaminolta:bizhub_654:-:*:*:*:*:*:*:*', 'cpe:2.3:h:konicaminolta:bizhub_754:-:*:*:*:*:*:*:*'};
5fdbdcf1ebaca5d0;{'cpe:2.3:h:konicaminolta:bizhub_654:-:*:*:*:*:*:*:*', 'cpe:2.3:h:konicaminolta:bizhub_c654:-:*:*:*:*:*:*:*', 'cpe:2.3:h:konicaminolta:bizhub_c754:-:*:*:*:*:*:*:*', 'cpe:2.3:h:konicaminolta:bizhub_754:-:*:*:*:*:*:*:*'};
30b2316568486ee4;{'cpe:2.3:a:rapid7:nexpose:-:*:*:*:*:*:*:*'};{'cpe:2.3:a:rapid7:nexpose:-:*:*:*:*:*:*:*'}
b3029fcdde1768b7;{'cpe:2.3:h:fujixerox:docucentre-iv_c2263:-:*:*:*:*:*:*:*'};{'cpe:2.3:h:fujixerox:docucentre-iv_c2263:-:*:*:*:*:*:*:*'}
