cert_id,scheme,refs
ANSSI-CC-2022/40,FR,{'ANSSI-CC-2022/39'}
ANSSI-CC-2022/39,FR,set()
ANSSI-CC-2023/42,FR,"{'ANSSI-CC-2023/01', 'ANSSI-CC-2023/31'}"
ANSSI-CC-2023/34,FR,"{'ANSSI-CC-2023/01', 'ANSSI-CC-2023/31'}"
ANSSI-CC-2023/35,FR,"{'ANSSI-CC-2023/01', 'ANSSI-CC-2023/31'}"
ANSSI-CC-2023/36,FR,"{'ANSSI-CC-2023/01', 'ANSSI-CC-2023/31'}"
2021-43-INF-4154,ES,{'BSI-DSZ-CC-0891-V6-2021'}
2021-44-INF-4142,ES,{'BSI-DSZ-CC-0891-V6-2021'}
2018-20-INF-4155,ES,{'BSI-DSZ-CC-0891-V6-2021'}
ANSSI-CC-2023/31,FR,{'ANSSI-CC-2023/01'}
ANSSI-CC-2023/33,FR,{'ANSSI-CC-2023/01'}
NSCIB-CC-2300058-01-CR,NL,{'ANSSI-CC-2021/29-S01v2'}
NSCIB-CC-2300061-01-CR,NL,{'ANSSI-CC-2023/06'}
NSCIB-CC-2300062-01-CR,NL,"{'NSCIB-CC-2300050-01-CR', 'ANSSI-CC-2023/06'}"
NSCIB-CC-2300059-01-CR,NL,{'ANSSI-CC-2021/29-S01v2'}
NSCIB-CC-2300060-01-CR,NL,{'ANSSI-CC-2021/29-S01v2'}
NSCIB-CC-2300063-01-CR,NL,"{'NSCIB-CC-2300050-01-CR', 'ANSSI-CC-2023/06'}"
NSCIB-CC-2200053-01-CR,NL,"{'BSI-DSZ-CC-1149-2022', 'NSCIB-CC-0313985-CR'}"
NSCIB-CC-2200051-01-CR,NL,"{'BSI-DSZ-CC-1149-2022', 'NSCIB-CC-0313985-CR'}"
ANSSI-CC-2023/38,FR,{'NSCIB-CC-2200035-01-CR'}
ANSSI-CC-2019/55-R01,FR,{'BSI-DSZ-CC-1110-V5-2022'}
ANSSI-CC-2019/56-R01,FR,{'BSI-DSZ-CC-1110-V5-2022'}
ANSSI-CC-2019/57-R01,FR,{'BSI-DSZ-CC-1110-V5-2022'}
ANSSI-CC-2019/58-R01,FR,{'BSI-DSZ-CC-1110-V5-2022'}
ANSSI-CC-2019/43-R01,FR,"{'ANSSI-CC-2019/28', 'ANSSI-CC-2019/33', 'ANSSI-CC-2019/36', 'ANSSI-CC-2019/34', 'BSI-DSZ-CC-1059-V4-2021', 'ANSSI-CC-2019/35'}"
ANSSI-CC-2021/36,FR,"{'ANSSI-CC-2021/36', 'BSI-DSZ-CC-1107-V3-2022'}"
NSCIB-CC-2200029-02-CR,NL,{'NSCIB-CC-0441513-CR'}
NSCIB-CC-2200060-01-CR,NL,set()
ANSSI-CC-2023/25,FR,"{'BSI-DSZ-CC-1107-V3-2022', 'ANSSI-CC-2023/06'}"
ANSSI-CC-2023/26,FR,"{'BSI-DSZ-CC-1107-V3-2022', 'ANSSI-CC-2023/06'}"
ANSSI-CC-2023/27,FR,"{'BSI-DSZ-CC-1107-V3-2022', 'ANSSI-CC-2023/06'}"
ANSSI-CC-2023/29,FR,"{'BSI-DSZ-CC-1107-V3-2022', 'ANSSI-CC-2021/29', 'ANSSI-CC-2023/06'}"
ANSSI-CC-2023/28,FR,"{'BSI-DSZ-CC-1107-V3-2022', 'ANSSI-CC-2023/06'}"
ANSSI-CC-2023/24,FR,"{'BSI-DSZ-CC-1107-V3-2022', 'ANSSI-CC-2021/36', 'ANSSI-CC-2023/06'}"
ANSSI-CC-2023/21,FR,"{'BSI-DSZ-CC-1107-V3-2022', 'ANSSI-CC-2023/06'}"
NSCIB-CC-2300050-01-CR,NL,{'ANSSI-CC-2023/06'}
NSCIB-CC-2300006-01-CR,NL,{'BSI-DSZ-CC-1107-V3-2022'}
NSCIB-CC-2300005-01-CR,NL,{'BSI-DSZ-CC-1107-V3-2022'}
ANSSI-CC-2023/06,FR,{'BSI-DSZ-CC-1107-V3-2022'}
BSI-DSZ-CC-1176-2023,DE,{'BSI-DSZ-CC-1110-V5-2022'}
ANSSI-CC-2022/14v2,FR,"{'BSI-DSZ-CC-1107-V3-2022', 'ANSSI-CC-2022/14', 'ANSSI-CC-2021/29-S01v2'}"
ANSSI-CC-2022/15v2,FR,"{'BSI-DSZ-CC-1107-V3-2022', 'ANSSI-CC-2022/15', 'ANSSI-CC-2021/29-S01v2'}"
ANSSI-CC-2022/16v2,FR,"{'BSI-DSZ-CC-1107-V3-2022', 'ANSSI-CC-2022/16', 'ANSSI-CC-2022/15', 'ANSSI-CC-2021/29-S01v2'}"
ANSSI-CC-2022/17v2,FR,"{'BSI-DSZ-CC-1107-V3-2022', 'ANSSI-CC-2022/17', 'ANSSI-CC-2021/29-S01v2'}"
ANSSI-CC-2022/18v2,FR,"{'BSI-DSZ-CC-1107-V3-2022', 'ANSSI-CC-2022/18', 'ANSSI-CC-2021/29-S01v2'}"
NSCIB-CC-2200035-01-CR,NL,{'BSI-DSZ-CC-1059-V5-2022'}
ANSSI-CC-2022/34,FR,"{'BSI-DSZ-CC-1107-V3-2022', 'ANSSI-CC-2021/29', 'ANSSI-CC-2022/34', 'ANSSI-CC-2021/29-S01v2'}"
ANSSI-CC-2022/36,FR,"{'BSI-DSZ-CC-1107-V3-2022', 'ANSSI-CC-2021/29', 'ANSSI-CC-2021/29-S01v2'}"
BSI-DSZ-CC-1188-2023,DE,{'BSI-DSZ-CC-1149-2022'}
ANSSI-CC-2021/29-S01,FR,{'BSI-DSZ-CC-1107-V3-2022'}
NSCIB-CC-0095534-CR3-CR,NL,"{'BSI-DSZ-CC-1136-V3-2022', 'NSCIB-CC-180212-CR5'}"
ANSSI-CC-2023/14,FR,{'ANSSI-CC-2021/56'}
ANSSI-CC-2022/51,FR,{'ANSSI-CC-2017/41'}
ANSSI-CC-2023/10,FR,"{'BSI-DSZ-CC-1149-2022', 'NSCIB-CC-0313985-CR'}"
ANSSI-CC-2023/11,FR,"{'BSI-DSZ-CC-1149-2022', 'NSCIB-CC-0313985-CR'}"
ANSSI-CC-2023/12,FR,"{'BSI-DSZ-CC-1149-2022', 'NSCIB-CC-0313985-CR'}"
BSI-DSZ-CC-1147-V2-2023,DE,"{'BSI-DSZ-CC-1136-V3-2022', 'BSI-DSZ-CC-1040-2019'}"
BSI-DSZ-CC-1148-V2-2023,DE,{'BSI-DSZ-CC-1136-V3-2022'}
OCSI/CERT/CCL/08/2022/RC,IT,"{'BSI-DSZ-CC-1136-V3-2022', 'NSCIB-CC-180212-CR5'}"
OCSI/CERT/CCL/11/2022/RC,IT,"{'BSI-DSZ-CC-1136-V3-2022', 'NSCIB-CC-180212-CR5'}"
OCSI/CERT/CCL/09/2022/RC,IT,"{'BSI-DSZ-CC-1136-V3-2022', 'OCSI/CERT/CCL/06/2021/RC', 'NSCIB-CC-180212-CR5'}"
NSCIB-CC-66030-CR6-CR,NL,{'BSI-DSZ-CC-1072-V5-2022'}
NSCIB-CC-67206-CR6-CR,NL,{'BSI-DSZ-CC-1059-V5-2022'}
OCSI/CERT/CCL/10/2022/RC,IT,"{'BSI-DSZ-CC-1136-V3-2022', 'OCSI/CERT/CCL/07/2021/RC', 'NSCIB-CC-180212-CR5'}"
BSI-DSZ-CC-1119-2023,DE,"{'BSI-DSZ-CC-1136-2021', 'BSI-DSZ-CC-1136-V2-2022'}"
NSCIB-CC-0075446-CR2-CR,NL,"{'BSI-DSZ-CC-1136-V3-2022', 'NSCIB-CC-180212-CR5'}"
ANSSI-CC-2023/02,FR,{'ANSSI-CC-2021/66'}
ANSSI-CC-2023/01,FR,set()
ANSSI-CC-2022/50,FR,{'ANSSI-CC-2020/04'}
ANSSI-CC-2022/68,FR,"{'BSI-DSZ-CC-1110-V5-2022', 'ANSSI-CC-2022/08'}"
ANSSI-CC-2022/64,FR,"{'BSI-DSZ-CC-1110-V5-2022', 'ANSSI-CC-2022/19'}"
ANSSI-CC-2022/65,FR,"{'BSI-DSZ-CC-1110-V5-2022', 'ANSSI-CC-2022/20'}"
ANSSI-CC-2022/67,FR,"{'ANSSI-CC-2022/07', 'BSI-DSZ-CC-1110-V5-2022'}"
ANSSI-CC-2022/43,FR,{'ANSSI-CC-2020/04'}
ANSSI-CC-2022/57,FR,"{'BSI-DSZ-CC-1107-V2-2021', 'ANSSI-CC-2022/52', 'ANSSI-CC-2022/56', 'ANSSI-CC-2022/22'}"
ANSSI-CC-2022/55,FR,"{'BSI-DSZ-CC-1107-V2-2021', 'ANSSI-CC-2022/12', 'ANSSI-CC-2022/52'}"
ANSSI-CC-2022/56,FR,"{'ANSSI-CC-2022/13', 'ANSSI-CC-2022/52', 'BSI-DSZ-CC-1107-V2-2021'}"
ANSSI-CC-2022/60,FR,"{'ANSSI-CC-2020/34', 'ANSSI-CC-2021/26'}"
ANSSI-CC-2022/61,FR,"{'ANSSI-CC-2020/34', 'ANSSI-CC-2021/27'}"
ANSSI-CC-2022/62,FR,"{'ANSSI-CC-2021/28', 'ANSSI-CC-2020/34', 'ANSSI-CC-2021/27'}"
BSI-DSZ-CC-1072-V5-2022,DE,set()
BSI-DSZ-CC-1059-V5-2022,DE,set()
ANSSI-CC-2022/63,FR,{'ANSSI-CC-2021/62-R01'}
NSCIB-CC-0635023-CR,NL,{'ANSSI-CC-2020/05'}
NSCIB-CC-0237686-CR2-CR,NL,"{'BSI-DSZ-CC-1136-V3-2022', 'NSCIB-CC-180212-CR5'}"
NSCIB-CC-0237694-CR2-CR,NL,"{'BSI-DSZ-CC-1136-V3-2022', 'NSCIB-CC-180212-CR5'}"
NSCIB-CC-0237695-CR2-CR,NL,"{'BSI-DSZ-CC-1136-V3-2022', 'NSCIB-CC-180212-CR5'}"
NSCIB-CC-0031318-CR3-CR,NL,{'BSI-DSZ-CC-1079-V3-2021'}
ANSSI-CC-2021/42,FR,"{'BSI-DSZ-CC-1107-2020', 'ANSSI-CC-2021/42'}"
NSCIB-CC-0428888-CR2-CR,NL,{'NSCIB-CC-22-0258298-CR'}
ANSSI-CC-2022/52,FR,"{'BSI-DSZ-CC-1107-V2-2021', 'ANSSI-CC-2022/10'}"
ANSSI-CC-2022/41,FR,{'ANSSI-CC-2021/47'}
NSCIB-CC-0568828-CR,NL,"{'NSCIB-CC-0289060-CR', 'BSI-DSZ-CC-1107-V3-2022'}"
NSCIB-CC-0286910-CR2-CR,NL,"{'BSI-DSZ-CC-1110-V4-2021', 'ANSSI-CC-2020/07'}"
NSCIB-CC-0299277-CR,NL,{'BSI-DSZ-CC-1110-V5-2022'}
NSCIB-CC-0299278-CR,NL,{'BSI-DSZ-CC-1110-V5-2022'}
ANSSI-CC-2022/37,FR,{'BSI-DSZ-CC-1107-V2-2021'}
ANSSI-CC-2021/18,FR,"{'BSI-DSZ-CC-1136-V2-2022', 'ANSSI-CC-2021/18'}"
ANSSI-CC-2021/19v2,FR,"{'ANSSI-CC-2021/19', 'BSI-DSZ-CC-1136-V2-2022', 'ANSSI-CC-2021/18'}"
ANSSI-CC-2021/20v2,FR,"{'ANSSI-CC-2021/20', 'BSI-DSZ-CC-1136-V2-2022', 'ANSSI-CC-2021/18'}"
ANSSI-CC-2021/56,FR,set()
NSCIB-CC-180212-CR5-CR,NL,"{'BSI-DSZ-CC-1136-V2-2022', 'BSI-DSZ-CC-1136-V3-2022'}"
NSCIB-CC-0530133-CR,NL,"{'NSCIB-CC-0530096-CR', 'ANSSI-CC-2021/35-R01'}"
NSCIB-CC-0530096-CR,NL,{'ANSSI-CC-2021/35-R01'}
BSI-DSZ-CC-1136-V3-2022,DE,{'BSI-DSZ-CC-1136-2021'}
ANSSI-CC-2022/33,FR,"{'ANSSI-CC-2019/41', 'BSI-DSZ-CC-1110-V4-2021', 'ANSSI-CC-2020/07'}"
NSCIB-CC-235773-CR3-CR,NL,{'NSCIB-CC-217812-CR3'}
BSI-DSZ-CC-1198-2022,DE,{'ANSSI-CC-2020/04'}
NSCIB-CC-0289065-CR,NL,{'BSI-DSZ-CC-1107-V3-2022'}
NSCIB-CC-0289060-CR,NL,{'BSI-DSZ-CC-1107-V3-2022'}
NSCIB-CC-175887-CR3-CR,NL,{'BSI-DSZ-CC-1110-V5-2022'}
ANSSI-CC-2022/38,FR,{'BSI-DSZ-CC-1107-V2-2021'}
NSCIB-CC-0313985-CR,NL,{'BSI-DSZ-CC-1149-2022'}
NSCIB-CC-0441505-CR2-CR,NL,{'NSCIB-CC-0441513-CR'}
ANSSI-CC-2022/22,FR,"{'ANSSI-CC-2022/13', 'BSI-DSZ-CC-1107-V2-2021', 'ANSSI-CC-2022/10'}"
ANSSI-CC-2021/35-R01,FR,{'ANSSI-CC-2021/35'}
ANSSI-CC-2021/62-R01,FR,{'ANSSI-CC-2021/62'}
BSI-DSZ-CC-1149-2022,DE,set()
ANSSI-CC-2022/19,FR,"{'ANSSI-CC-2022/07', 'BSI-DSZ-CC-1110-V4-2021', 'ANSSI-CC-2022/08'}"
ANSSI-CC-2022/20,FR,"{'ANSSI-CC-2022/07', 'BSI-DSZ-CC-1110-V4-2021', 'ANSSI-CC-2022/08'}"
BSI-DSZ-CC-1136-V2-2022,DE,set()
ANSSI-CC-2022/23,FR,"{'BSI-DSZ-CC-1107-V2-2021', 'ANSSI-CC-2021/42'}"
ANSSI-CC-2022/11,FR,"{'BSI-DSZ-CC-1107-V2-2021', 'ANSSI-CC-2022/10'}"
ANSSI-CC-2022/12,FR,"{'BSI-DSZ-CC-1107-V2-2021', 'ANSSI-CC-2022/10'}"
ANSSI-CC-2022/13,FR,"{'BSI-DSZ-CC-1107-V2-2021', 'ANSSI-CC-2022/10'}"
BSI-DSZ-CC-1107-V3-2022,DE,set()
NSCIB-CC-0441513-CR,NL,set()
BSI-DSZ-CC-1110-V5-2022,DE,set()
ANSSI-CC-2022/10,FR,"{'BSI-DSZ-CC-1107-V2-2021', 'ANSSI-CC-2021/42'}"
NSCIB-CC-0434407-CR,NL,{'ANSSI-CC-2020/05'}
BSI-DSZ-CC-1172-2022,DE,{'BSI-DSZ-CC-1110-V4-2021'}
NSCIB-CC-127667-CR3-CR,NL,{'BSI-DSZ-CC-1072-V4-2021'}
ANSSI-CC-2022/08,FR,{'BSI-DSZ-CC-1110-V4-2021'}
ANSSI-CC-2022/07,FR,{'BSI-DSZ-CC-1110-V4-2021'}
ANSSI-CC-2017/17v2,FR,"{'ANSSI-CC-2020/06', 'ANSSI-CC-2017/17'}"
ANSSI-CC-2017/42v2,FR,{'ANSSI-CC-2020/06'}
ANSSI-CC-2017/18v2,FR,{'ANSSI-CC-2020/06'}
ANSSI-CC-2021/60,FR,"{'BSI-DSZ-CC-1156-V2-2021', 'BSI-DSZ-CC-1156-2021'}"
ANSSI-CC-2021/64,FR,"{'BSI-DSZ-CC-1156-V2-2021', 'BSI-DSZ-CC-1156-2021'}"
ANSSI-CC-2021/63,FR,"{'BSI-DSZ-CC-1156-V2-2021', 'BSI-DSZ-CC-1156-2021'}"
ANSSI-CC-2021/66,FR,set()
ANSSI-CC-2021/62,FR,set()
KECS-ISIS-1140-2021,KR,{'BSI-DSZ-CC-0782-V5-2020'}
KECS-ISIS-1139-2021,KR,{'BSI-DSZ-CC-0782-V5-2020'}
ANSSI-CC-2018/56,FR,"{'ANSSI-CC-2018/32v2', 'ANSSI-CC-2018/56', 'ANSSI-CC-2017/24'}"
ANSSI-CC-2018/58,FR,"{'ANSSI-CC-2018/32v2', 'ANSSI-CC-2018/58', 'ANSSI-CC-2017/24'}"
ANSSI-CC-2018/57,FR,"{'ANSSI-CC-2018/32v2', 'ANSSI-CC-2018/57', 'ANSSI-CC-2017/24'}"
ANSSI-CC-2021/57,FR,"{'BSI-DSZ-CC-1136-2021', 'BSI-DSZ-CC-0973-2016'}"
BSI-DSZ-CC-0891-V6-2021,DE,set()
BSI-DSZ-CC-1079-V3-2021,DE,set()
BSI-DSZ-CC-1162-2021,DE,{'BSI-DSZ-CC-1110-V4-2021'}
ANSSI-CC-2021/43,FR,{'BSI-DSZ-CC-1107-2020'}
ANSSI-CC-2021/44,FR,{'BSI-DSZ-CC-1107-2020'}
ANSSI-CC-2021/45,FR,{'BSI-DSZ-CC-1107-2020'}
ANSSI-CC-2021/54,FR,{'BSI-DSZ-CC-1107-2020'}
OCSI/CERT/CCL/05/2021/RC,IT,{'BSI-DSZ-CC-1136-2021'}
OCSI/CERT/CCL/06/2021/RC,IT,"{'BSI-DSZ-CC-1136-2021', 'OCSI/CERT/SYS/06/2016/RC'}"
OCSI/CERT/CCL/07/2021/RC,IT,"{'BSI-DSZ-CC-1136-2021', 'OCSI/CERT/SYS/07/2016/RC'}"
ANSSI-CC-2021/47,FR,set()
NSCIB-CC-0089911-CR2-CR,NL,{'NSCIB-CC-0089864-CR2'}
ANSSI-CC-2020/65,FR,"{'BSI-DSZ-CC-1079-2018', 'ANSSI-CC-2020/65'}"
ANSSI-CC-2021/38,FR,"{'ANSSI-CC-2020/65', 'BSI-DSZ-CC-1079-V2-2020'}"
ANSSI-CC-2021/39,FR,"{'ANSSI-CC-2020/65', 'BSI-DSZ-CC-1079-V2-2020'}"
ANSSI-CC-2021/41,FR,"{'ANSSI-CC-2020/65', 'BSI-DSZ-CC-1079-V2-2020'}"
NSCIB-CC-0362720-CR,NL,{'ANSSI-CC-2021/29'}
BSI-DSZ-CC-1156-V2-2021,DE,set()
BSI-DSZ-CC-1033-V2-2021,DE,"{'BSI-DSZ-CC-1105-2020', 'BSI-DSZ-CC-1034-V2-2021', 'BSI-DSZ-CC-0891-V4-2019'}"
BSI-DSZ-CC-1034-V2-2021,DE,"{'BSI-DSZ-CC-1105-2020', 'BSI-DSZ-CC-0891-V4-2019'}"
BSI-DSZ-CC-1110-V4-2021,DE,set()
KECS-ISIS-1113-2021,KR,{'BSI-DSZ-CC-0782-V5-2020'}
NSCIB-CC-222356-CR2-CR,NL,{'ANSSI-CC-2019/12'}
NSCIB-CC-98209-CR5-CR,NL,{'BSI-DSZ-CC-1059-V4-2021'}
ANSSI-CC-2021/35,FR,{'ANSSI-CC-2020/32'}
NSCIB-CC-0189587-CR,NL,{'BSI-DSZ-CC-1079-V2-2020'}
NSCIB-CC-0189594-CR,NL,{'BSI-DSZ-CC-1079-V2-2020'}
NSCIB-CC-0189569-CR,NL,{'BSI-DSZ-CC-1079-V2-2020'}
NSCIB-CC-0189590-CR,NL,{'BSI-DSZ-CC-1079-V2-2020'}
BSI-DSZ-CC-1107-V2-2021,DE,set()
BSI-DSZ-CC-1072-V4-2021,DE,set()
BSI-DSZ-CC-1059-V4-2021,DE,set()
BSI-DSZ-CC-0904-V2-2021,DE,{'BSI-DSZ-CC-1079-V2-2020'}
2020-33-INF-3550,ES,{'ANSSI-CC-2018/51'}
BSI-DSZ-CC-0976-V4-2021,DE,{'BSI-DSZ-CC-1110-V3-2020'}
ANSSI-CC-2021/26,FR,{'ANSSI-CC-2020/34'}
ANSSI-CC-2021/27,FR,{'ANSSI-CC-2020/34'}
ANSSI-CC-2021/28,FR,{'ANSSI-CC-2020/34'}
NSCIB-CC-0023577-CR3-CR,NL,{'NSCIB-CC-221699-CR2'}
NSCIB-CC-0108259-CR,NL,{'BSI-DSZ-CC-1136-2021'}
NSCIB-CC-0108263-CR,NL,{'BSI-DSZ-CC-1136-2021'}
NSCIB-CC-0075541-CR2-CR,NL,{'BSI-DSZ-CC-1110-V3-2020'}
NSCIB-CC-0237686-CR,NL,{'BSI-DSZ-CC-1136-2021'}
NSCIB-CC-0237694-CR,NL,{'BSI-DSZ-CC-1136-2021'}
NSCIB-CC-0237695-CR,NL,{'BSI-DSZ-CC-1136-2021'}
21.0.03/TSE-CCCS-71,TR,"{'BSI-DSZ-CC-0977-V2-2019', 'BSI-DSZ-CC-1019-V2-2019'}"
21.0.03/TSE-CCCS-72,TR,"{'BSI-DSZ-CC-0977-V2-2019', 'BSI-DSZ-CC-1019-V2-2019'}"
ANSSI-CC-2021/08,FR,{'ANSSI-CC-2020/94'}
NSCIB-CC-0286907-CR,NL,"{'ANSSI-CC-2020/07', 'BSI-DSZ-CC-1110-V3-2020'}"
NSCIB-CC-0262848-CR,NL,{'NSCIB-CC-13-37658-CR'}
BSI-DSZ-CC-1136-2021,DE,set()
ANSSI-CC-2021/03,FR,{'ANSSI-CC-2019/59'}
ANSSI-CC-2021/04,FR,{'ANSSI-CC-2019/60'}
ANSSI-CC-2021/06,FR,{'ANSSI-CC-2019/51'}
ANSSI-CC-2021/05,FR,{'ANSSI-CC-2019/61'}
BSI-DSZ-CC-1156-2021,DE,set()
ANSSI-CC-2021/01,FR,{'ANSSI-CC-2020/94'}
ANSSI-CC-2020/42,FR,"{'ANSSI-CC-2020/45', 'BSI-DSZ-CC-0891-V4-2019', 'ANSSI-CC-2020/43', 'ANSSI-CC-2020/42', 'ANSSI-CC-2020/44'}"
BSI-DSZ-CC-1147-2020,DE,{'BSI-DSZ-CC-1040-2019'}
BSI-DSZ-CC-1148-2020,DE,{'BSI-DSZ-CC-1040-2019'}
NSCIB-CC-0229285-CR,NL,{'BSI-DSZ-CC-1040-2019'}
NSCIB-CC-0229284-CR,NL,{'BSI-DSZ-CC-1040-2019'}
NSCIB-CC-0229286-CR,NL,{'BSI-DSZ-CC-1040-2019'}
NSCIB-CC-0229287-CR,NL,{'BSI-DSZ-CC-1040-2019'}
ANSSI-CC-2020/85,FR,"{'ANSSI-CC-2015/31', 'BSI-DSZ-CC-0964-V4-2019'}"
ANSSI-CC-2020/84,FR,"{'BSI-DSZ-CC-0917-2014', 'ANSSI-CC-2015/33', 'BSI-DSZ-CC-0964-V4-2019'}"
ANSSI-CC-2020/83,FR,"{'ANSSI-CC-2015/32', 'BSI-DSZ-CC-0964-V4-2019'}"
ANSSI-CC-2020/43,FR,{'BSI-DSZ-CC-0891-V4-2019'}
ANSSI-CC-2020/44,FR,{'BSI-DSZ-CC-0891-V4-2019'}
ANSSI-CC-2020/45,FR,{'BSI-DSZ-CC-0891-V4-2019'}
ANSSI-CC-2020/94,FR,set()
BSI-DSZ-CC-0782-V5-2020,DE,set()
BSI-DSZ-CC-1107-2020,DE,set()
ANSSI-CC-2020/88,FR,{'BSI-DSZ-CC-1110-V3-2020'}
ANSSI-CC-2020/87,FR,{'BSI-DSZ-CC-1110-V3-2020'}
NSCIB-CC-0145426-CR,NL,{'ANSSI-CC-2019/12'}
NSCIB-CC-0145427-CR,NL,{'ANSSI-CC-2019/12'}
ANSSI-CC-2020/70,FR,"{'BSI-DSZ-CC-1079-2018', 'ANSSI-CC-2020/65'}"
NSCIB-CC-0245771-CR,NL,{'BSI-DSZ-CC-1040-2019'}
NSCIB-CC-0245762-CR,NL,{'BSI-DSZ-CC-1040-2019'}
NSCIB-CC-0245767-CR,NL,{'BSI-DSZ-CC-1040-2019'}
OCSI/CERT/SYS/06/2016/RC,IT,{'OCSI/CERT/SYS/02/2016/RC'}
OCSI/CERT/SYS/07/2016/RC,IT,set()
2017-62-INF-3233,ES,{'ANSSI-CC-2018/12'}
2017-63-INF-3232,ES,{'ANSSI-CC-2018/12'}
BSI-DSZ-CC-1064-2020,DE,{'ANSSI-CC-2019/12'}
BSI-DSZ-CC-1065-2020,DE,{'ANSSI-CC-2019/12'}
ANSSI-CC-2020/34,FR,set()
NSCIB-CC-0061440-CR,NL,{'BSI-DSZ-CC-1040-2019'}
NSCIB-CC-0061438-CR,NL,{'BSI-DSZ-CC-1040-2019'}
NSCIB-CC-0061439-CR,NL,{'BSI-DSZ-CC-1040-2019'}
NSCIB-CC-0138342-CR,NL,set()
NSCIB-CC-0176780-CR,NL,"{'ANSSI-CC-2020/22', 'ANSSI-CC-2017/73'}"
BSI-DSZ-CC-1076-2020,DE,{'BSI-DSZ-CC-1110-V3-2020'}
NSCIB-CC-146301-CR2-CR,NL,"{'BSI-DSZ-CC-1105-2020', 'BSI-DSZ-CC-0891-V4-2019'}"
NSCIB-CC-0112113-CR,NL,"{'BSI-DSZ-CC-1105-2020', 'BSI-DSZ-CC-0891-V4-2019'}"
BSI-DSZ-CC-1077-2020,DE,{'BSI-DSZ-CC-1110-V3-2020'}
KECS-ISIS-1031-2020,KR,{'BSI-DSZ-CC-1110-V3-2020'}
ANSSI-CC-2020/72,FR,{'BSI-DSZ-CC-1040-2019'}
ANSSI-CC-2020/73,FR,{'BSI-DSZ-CC-1040-2019'}
ANSSI-CC-2020/74,FR,{'BSI-DSZ-CC-1040-2019'}
ANSSI-CC-2020/75,FR,{'BSI-DSZ-CC-1040-2019'}
ANSSI-CC-2020/76,FR,{'BSI-DSZ-CC-1040-2019'}
BSI-DSZ-CC-1098-2020,DE,{'BSI-DSZ-CC-1110-V3-2020'}
BSI-DSZ-CC-1074-V2-2020,DE,{'ANSSI-CC-2019/12'}
BSI-DSZ-CC-1073-V2-2020,DE,{'ANSSI-CC-2019/12'}
ANSSI-CC-2020/55,FR,"{'ANSSI-CC-2020/07', 'BSI-DSZ-CC-1110-V2-2019'}"
ANSSI-CC-2020/60,FR,"{'BSI-DSZ-CC-1110-V2-2019', 'ANSSI-CC-2020/08'}"
ANSSI-CC-2020/56,FR,"{'ANSSI-CC-2020/07', 'BSI-DSZ-CC-1110-V2-2019'}"
ANSSI-CC-2020/61,FR,"{'BSI-DSZ-CC-1110-V2-2019', 'ANSSI-CC-2020/08'}"
ANSSI-CC-2020/58,FR,"{'ANSSI-CC-2020/07', 'BSI-DSZ-CC-1110-V2-2019'}"
ANSSI-CC-2020/63,FR,"{'BSI-DSZ-CC-1110-V2-2019', 'ANSSI-CC-2020/08'}"
ANSSI-CC-2020/57,FR,"{'ANSSI-CC-2020/07', 'BSI-DSZ-CC-1110-V2-2019'}"
ANSSI-CC-2020/62,FR,"{'BSI-DSZ-CC-1110-V2-2019', 'ANSSI-CC-2020/08'}"
ANSSI-CC-2020/59,FR,"{'ANSSI-CC-2020/07', 'BSI-DSZ-CC-1110-V2-2019'}"
ANSSI-CC-2020/64,FR,"{'BSI-DSZ-CC-1110-V2-2019', 'ANSSI-CC-2020/08'}"
ANSSI-CC-2020/46,FR,"{'BSI-DSZ-CC-1059-V3-2019', 'ANSSI-CC-2017/62'}"
ANSSI-CC-2020/47,FR,"{'ANSSI-CC-2017/63', 'BSI-DSZ-CC-1059-V3-2019'}"
ANSSI-CC-2020/48,FR,"{'ANSSI-CC-2017/64', 'ANSSI-CC-2017/63', 'BSI-DSZ-CC-1059-V3-2019'}"
2017-17-INF-3169,ES,{'BSI-DSZ-CC-0891-V3-2018'}
2017-18-INF-3170,ES,{'BSI-DSZ-CC-0891-V3-2018'}
2017-19-INF-3171,ES,{'BSI-DSZ-CC-0891-V3-2018'}
ANSSI-CC-2020/50,FR,"{'BSI-DSZ-CC-1059-2018', 'BSI-DSZ-CC-1059-V3-2019', 'ANSSI-CC-2020/26', 'ANSSI-CC-2019/33'}"
ANSSI-CC-2020/51,FR,"{'ANSSI-CC-2020/26', 'BSI-DSZ-CC-1059-V3-2019', 'ANSSI-CC-2019/34', 'BSI-DSZ-CC-1059-2018'}"
ANSSI-CC-2020/52,FR,"{'ANSSI-CC-2020/26', 'BSI-DSZ-CC-1059-V3-2019', 'ANSSI-CC-2019/35', 'BSI-DSZ-CC-1059-2018'}"
ANSSI-CC-2020/53,FR,"{'ANSSI-CC-2019/36', 'BSI-DSZ-CC-1059-V3-2019', 'ANSSI-CC-2020/26', 'BSI-DSZ-CC-1059-2018'}"
BSI-DSZ-CC-1105-2020,DE,set()
NSCIB-CC-0122197-CR,NL,{'ANSSI-CC-2019/12'}
ANSSI-CC-2020/32,FR,set()
ANSSI-CC-2020/35,FR,"{'BSI-DSZ-CC-1059-V3-2019', 'ANSSI-CC-2019/47', 'ANSSI-CC-2020/26', 'BSI-DSZ-CC-1059-2018'}"
ANSSI-CC-2020/36,FR,"{'ANSSI-CC-2019/48', 'BSI-DSZ-CC-1059-V3-2019', 'ANSSI-CC-2020/26', 'BSI-DSZ-CC-1059-2018'}"
ANSSI-CC-2020/37,FR,"{'BSI-DSZ-CC-1059-2018', 'BSI-DSZ-CC-1059-V3-2019', 'ANSSI-CC-2020/26', 'ANSSI-CC-2019/49'}"
ANSSI-CC-2020/38,FR,"{'ANSSI-CC-2019/50', 'BSI-DSZ-CC-1059-V3-2019', 'ANSSI-CC-2020/26', 'BSI-DSZ-CC-1059-2018'}"
BSI-DSZ-CC-1079-V2-2020,DE,set()
ANSSI-CC-2020/26,FR,"{'ANSSI-CC-2019/28', 'BSI-DSZ-CC-1059-V3-2019', 'BSI-DSZ-CC-1059-2018'}"
2018-15-INF-3127,ES,{'ANSSI-CC-2018/51'}
BSI-DSZ-CC-1092-2020,DE,{'BSI-DSZ-CC-0951-V4-2019'}
ANSSI-CC-2020/33,FR,"{'ANSSI-CC-2017/76', 'BSI-DSZ-CC-0891-V2-2016', 'BSI-DSZ-CC-0891-V4-2019'}"
ANSSI-CC-2020/22,FR,set()
ANSSI-CC-2020/24,FR,set()
ANSSI-CC-2020/25,FR,set()
BSI-DSZ-CC-1110-V3-2020,DE,set()
ANSSI-CC-2020/20,FR,{'ANSSI-CC-2018/02'}
ANSSI-CC-2020/08,FR,{'BSI-DSZ-CC-1110-V2-2019'}
BSI-DSZ-CC-1118-2020,DE,"{'BSI-DSZ-CC-1059-2018', 'BSI-DSZ-CC-1059-V2-2019'}"
ANSSI-CC-2020/07,FR,{'BSI-DSZ-CC-1110-V2-2019'}
ANSSI-CC-2020/11,FR,{'BSI-DSZ-CC-1040-2019'}
ANSSI-CC-2020/06,FR,{'ANSSI-CC-2019/22'}
ANSSI-CC-2020/04,FR,set()
ANSSI-CC-2020/05,FR,set()
ANSSI-CC-2020/10,FR,{'BSI-DSZ-CC-1040-2019'}
ANSSI-CC-2020/09,FR,{'BSI-DSZ-CC-1040-2019'}
BSI-DSZ-CC-0879-V4-2020,DE,set()
ANSSI-CC-2019/38,FR,"{'BSI-DSZ-CC-0946-V2-2015', 'ANSSI-CC-2016/60', 'ANSSI-CC-2016/69'}"
ANSSI-CC-2019/51,FR,{'ANSSI-CC-2019/60'}
NSCIB-CC-200716-CR2-CR,NL,"{'BSI-DSZ-CC-0945-V2-2018', 'NSCIB-CC-200833-CR'}"
NSCIB-CC-200736-CR,NL,{'BSI-DSZ-CC-0945-V2-2018'}
NSCIB-CC-235750-CR,NL,"{'ANSSI-CC-2019/23', 'ANSSI-CC-2018/60'}"
ANSSI-CC-2019/62,FR,"{'ANSSI-CC-2018/55', 'ANSSI-CC-2018/52', 'ANSSI-CC-2018/19'}"
ANSSI-CC-2019/55,FR,{'BSI-DSZ-CC-1110-V2-2019'}
ANSSI-CC-2019/56,FR,{'BSI-DSZ-CC-1110-V2-2019'}
ANSSI-CC-2019/57,FR,{'BSI-DSZ-CC-1110-V2-2019'}
ANSSI-CC-2019/58,FR,{'BSI-DSZ-CC-1110-V2-2019'}
BSI-DSZ-CC-0891-V4-2019,DE,set()
BSI-DSZ-CC-0951-V4-2019,DE,set()
ANSSI-CC-2019/59,FR,{'ANSSI-CC-2019/01'}
ANSSI-CC-2019/60,FR,"{'ANSSI-CC-2019/59', 'ANSSI-CC-2019/02'}"
ANSSI-CC-2019/61,FR,"{'ANSSI-CC-2019/03', 'ANSSI-CC-2019/59'}"
ANSSI-CC-2018/51,FR,set()
BSI-DSZ-CC-1059-V3-2019,DE,set()
ANSSI-CC-2019/40,FR,{'ANSSI-CC-2019/21'}
ANSSI-CC-2019/43,FR,"{'ANSSI-CC-2019/28', 'ANSSI-CC-2019/33', 'ANSSI-CC-2019/36', 'ANSSI-CC-2019/34', 'BSI-DSZ-CC-1059-2018', 'ANSSI-CC-2019/35'}"
BSI-DSZ-CC-0976-V3-2019,DE,{'BSI-DSZ-CC-1110-V2-2019'}
ANSSI-CC-2019/47,FR,"{'ANSSI-CC-2019/28', 'ANSSI-CC-2018/03', 'BSI-DSZ-CC-1059-2018'}"
ANSSI-CC-2019/48,FR,"{'ANSSI-CC-2019/28', 'ANSSI-CC-2018/04', 'BSI-DSZ-CC-1059-2018'}"
ANSSI-CC-2019/49,FR,"{'ANSSI-CC-2019/28', 'BSI-DSZ-CC-1059-2018', 'ANSSI-CC-2018/05'}"
ANSSI-CC-2019/50,FR,"{'ANSSI-CC-2018/06', 'BSI-DSZ-CC-1059-2018', 'ANSSI-CC-2019/28'}"
ANSSI-CC-2019/39,FR,{'ANSSI-CC-2018/30'}
BSI-DSZ-CC-1019-V2-2019,DE,{'BSI-DSZ-CC-0977-V2-2019'}
ANSSI-CC-2019/41,FR,"{'ANSSI-CC-2019/28', 'BSI-DSZ-CC-1059-2018'}"
BSI-DSZ-CC-1103-2019,DE,"{'BSI-DSZ-CC-1059-2018', 'BSI-DSZ-CC-1059-V2-2019'}"
ANSSI-CC-2019/35,FR,"{'ANSSI-CC-2019/28', 'BSI-DSZ-CC-1059-2018'}"
ANSSI-CC-2019/33,FR,"{'ANSSI-CC-2019/28', 'BSI-DSZ-CC-1059-2018'}"
ANSSI-CC-2019/34,FR,"{'ANSSI-CC-2019/28', 'BSI-DSZ-CC-1059-2018'}"
ANSSI-CC-2019/36,FR,"{'ANSSI-CC-2019/28', 'BSI-DSZ-CC-1059-2018'}"
BSI-DSZ-CC-1078-2019,DE,{'BSI-DSZ-CC-1059-V2-2019'}
C0649,JP,"{'BSI-DSZ-CC-0869-V2-2019', 'BSI-DSZ-CC-0891-V3-2018'}"
C0648,JP,"{'BSI-DSZ-CC-0869-V2-2019', 'BSI-DSZ-CC-0891-V3-2018'}"
ANSSI-CC-2019/32,FR,"{'BSI-DSZ-CC-1059-2018', 'BSI-DSZ-CC-0973-2016'}"
ANSSI-CC-2019/31,FR,"{'ANSSI-CC-2018/32', 'ANSSI-CC-2017/24'}"
BSI-DSZ-CC-0977-V2-2019,DE,set()
ANSSI-CC-2019/29,FR,{'ANSSI-CC-2018/30'}
BSI-DSZ-CC-1033-2019,DE,"{'BSI-DSZ-CC-0891-V3-2018', 'BSI-DSZ-CC-1034-2019'}"
BSI-DSZ-CC-1034-2019,DE,{'BSI-DSZ-CC-0891-V3-2018'}
ANSSI-CC-2019/28,FR,"{'ANSSI-CC-2017/49', 'BSI-DSZ-CC-1059-2018'}"
ANSSI-CC-2019/23,FR,{'ANSSI-CC-2018/60'}
BSI-DSZ-CC-1059-V2-2019,DE,set()
BSI-DSZ-CC-1110-V2-2019,DE,set()
KECS-ISIS-0936-2019,KR,{'ANSSI-CC-2019/01'}
KECS-ISIS-0937-2019,KR,{'ANSSI-CC-2019/01'}
BSI-DSZ-CC-1040-2019,DE,set()
BSI-DSZ-CC-0869-V2-2019,DE,{'BSI-DSZ-CC-0891-V3-2018'}
BSI-DSZ-CC-1084-2019,DE,{'BSI-DSZ-CC-0879-V3-2018'}
BSI-DSZ-CC-0964-V4-2019,DE,set()
ANSSI-CC-2019/22,FR,{'ANSSI-CC-2018/31'}
NSCIB-CC-37812-CR2-CR,NL,{'BSI-DSZ-CC-1051-2019'}
ANSSI-CC-2019/21,FR,set()
BSI-DSZ-CC-1051-2019,DE,set()
ANSSI-CC-2019/12,FR,set()
ANSSI-CC-2019/13,FR,{'ANSSI-CC-2019/12'}
ANSSI-CC-2019/09,FR,{'BSI-DSZ-CC-0891-V3-2018'}
ANSSI-CC-2019/08,FR,{'ANSSI-CC-2017/61'}
ANSSI-CC-2019/04,FR,"{'BSI-DSZ-CC-0879-V3-2018', 'ANSSI-CC-2018/27'}"
ANSSI-CC-2019/01,FR,{'ANSSI-CC-2018/12'}
ANSSI-CC-2019/02,FR,"{'ANSSI-CC-2019/01', 'ANSSI-CC-2018/13'}"
ANSSI-CC-2019/03,FR,"{'ANSSI-CC-2019/01', 'ANSSI-CC-2018/14'}"
ANSSI-CC-2019/07,FR,"{'ANSSI-CC-2018/32', 'ANSSI-CC-2016/59', 'ANSSI-CC-2017/24'}"
BSI-DSZ-CC-1090-2018,DE,"{'BSI-DSZ-CC-1028-2017', 'BSI-DSZ-CC-0951-2015'}"
BSI-DSZ-CC-1091-2018,DE,"{'BSI-DSZ-CC-1028-2017', 'BSI-DSZ-CC-0951-2015'}"
NSCIB-CC-200833-CR,NL,{'BSI-DSZ-CC-0945-V2-2018'}
ANSSI-CC-2018/50,FR,"{'ANSSI-CC-2018/35', 'BSI-DSZ-CC-0945-2017'}"
ANSSI-CC-2018/53,FR,"{'ANSSI-CC-2018/32', 'ANSSI-CC-2016/59', 'ANSSI-CC-2017/24'}"
NSCIB-CC-196231-CR,NL,"{'ANSSI-CC-2018/27', 'NSCIB-CC-195748-CR'}"
NSCIB-CC-195748-CR,NL,"{'ANSSI-CC-2018/27', 'BSI-DSZ-CC-0782-V4-2018'}"
ANSSI-CC-2018/45,FR,"{'ANSSI-CC-2017/74', 'BSI-DSZ-CC-0782-V3-2017'}"
ANSSI-CC-2018/44-S01,FR,"{'ANSSI-CC-2018/27', 'BSI-DSZ-CC-0782-V4-2018'}"
BSI-DSZ-CC-1003-2018,DE,"{'BSI-DSZ-CC-0891-V2-2016', 'ANSSI-CC-2017/54'}"
SERTIT-116,NO,{'BSI-DSZ-CC-0964-V3-2017'}
ANSSI-CC-2018/27,FR,"{'BSI-DSZ-CC-0782-V4-2018', 'ANSSI-CC-2017/59'}"
ANSSI-CC-2018/24,FR,"{'ANSSI-CC-2017/76', 'BSI-DSZ-CC-0891-V2-2016'}"
ANSSI-CC-2018/15,FR,{'ANSSI-CC-2017/49'}
ANSSI-CC-2018/16,FR,{'ANSSI-CC-2017/49'}
ANSSI-CC-2018/17,FR,{'ANSSI-CC-2017/49'}
ANSSI-CC-2018/18,FR,{'ANSSI-CC-2017/49'}
ANSSI-CC-2018/11,FR,"{'ANSSI-CC-2017/76', 'BSI-DSZ-CC-0891-V2-2016'}"
ANSSI-CC-2018/02,FR,{'ANSSI-CC-2016/16'}
ANSSI-CC-2017/81,FR,"{'ANSSI-CC-2017/76', 'BSI-DSZ-CC-0891-V2-2016'}"
ANSSI-CC-2017/82,FR,"{'ANSSI-CC-2017/76', 'BSI-DSZ-CC-0891-V2-2016'}"
ANSSI-CC-2017/83,FR,"{'ANSSI-CC-2017/76', 'BSI-DSZ-CC-0891-V2-2016'}"
ANSSI-CC-2017/74,FR,"{'BSI-DSZ-CC-0782-V3-2017', 'ANSSI-CC-2017/59'}"
ANSSI-CC-2017/76,FR,{'BSI-DSZ-CC-0891-V2-2016'}
ANSSI-CC-2017/61,FR,{'ANSSI-CC-2016/58'}
ANSSI-CC-2017/60,FR,{'ANSSI-CC-2015/59'}
ANSSI-CC-2017/49,FR,"{'BSI-DSZ-CC-0955-V2-2016', 'BSI-DSZ-CC-0973-V2-2016'}"
ANSSI-CC-2017/41,FR,set()
ANSSI-CC-2017/22,FR,"{'ANSSI-CC-2017/07', 'BSI-DSZ-CC-0891-V2-2016'}"
ANSSI-CC-2017/27,FR,{'BSI-DSZ-CC-0964-2015'}
ANSSI-CC-2017/26,FR,{'BSI-DSZ-CC-0964-2015'}
ANSSI-CC-2017/28,FR,{'BSI-DSZ-CC-0964-2015'}
ANSSI-CC-2017/29,FR,{'BSI-DSZ-CC-0964-2015'}
ANSSI-CC-2017/07,FR,{'BSI-DSZ-CC-0891-V2-2016'}
ANSSI-CC-2017/05,FR,{'BSI-DSZ-CC-0782-V2-2015'}
ANSSI-CC-2017/06,FR,{'BSI-DSZ-CC-0782-V2-2015'}
SERTIT-091,NO,{'BSI-DSZ-CC-0782-2012'}
BSI-DSZ-CC-0957-V2-2016,DE,{'BSI-DSZ-CC-0978-2016'}
ANSSI-CC-2016/58,FR,set()
SERTIT-079,NO,{'BSI-DSZ-CC-0782-2012'}
ANSSI-CC-2016/31,FR,{'ANSSI-CC-2016/22'}
ANSSI-CC-2016/22,FR,{'ANSSI-CC-2014/46'}
ANSSI-CC-2015/61,FR,{'ANSSI-CC-2015/36'}
NSCIB-CC-10-30076-CR,NL,{'BSI-DSZ-CC-0935-2015'}
ANSSI-CC-2015/12,FR,{'ANSSI-CC-2014/37'}
BSI-DSZ-CC-0957-2015,DE,{'BSI-DSZ-CC-0845-V2-2013'}
ANSSI-CC-2014/53,FR,{'BSI-DSZ-CC-0782-2012'}
ANSSI-CC-2014/54,FR,{'BSI-DSZ-CC-0782-2012'}
ANSSI-CC-2014/46,FR,set()
NSCIB-CC-09-11192-CR2-CR,NL,{'ANSSI-CC-2009/24'}
NSCIB-CC-0444182-CR,NL,"{'NSCIB-CC-0351632-CR', 'NSCIB-CC-0448219-CR'}"
NSCIB-CC-0444190-CR,NL,{'NSCIB-CC-0351632-CR'}
NSCIB-CC-0448219-CR,NL,set()
NSCIB-CC-0351648-CR,NL,"{'NSCIB-CC-0138342-CR', 'NSCIB-CC-0351632-CR'}"
OCSI/CERT/ATS/03/2022/RC,IT,{'OCSI/CERT/ATS/01/2018/RC'}
OCSI/CERT/ATS/09/2018/RC,IT,{'OCSI/CERT/ATS/01/2018/RC'}
OCSI/CERT/ATS/01/2018/RC,IT,set()
BSI-DSZ-CC-1000-2023,DE,{'BSI-DSZ-CC-1003-2018'}
BSI-DSZ-CC-1071-V6-2023,DE,{'NSCIB-CC-2200060-01-CR'}
BSI-DSZ-CC-1068-V4-2023,DE,"{'BSI-DSZ-CC-0976-V4-2021', 'BSI-DSZ-CC-0916-2015', 'BSI-DSZ-CC-0904-V2-2021'}"
BSI-DSZ-CC-1067-V4-2023,DE,"{'BSI-DSZ-CC-0976-V4-2021', 'BSI-DSZ-CC-0916-2015', 'BSI-DSZ-CC-0904-V2-2021'}"
BSI-DSZ-CC-1158-V2-2023,DE,{'NSCIB-CC-0173264-CR3'}
BSI-DSZ-CC-0918-V5-2023,DE,{'BSI-DSZ-CC-0957-V2-2016'}
BSI-DSZ-CC-0822-V4-2023,DE,{'BSI-DSZ-CC-0957-V2-2016'}
BSI-DSZ-CC-1170-2023,DE,"{'BSI-DSZ-CC-1136-V2-2022', 'BSI-DSZ-CC-1119-2023'}"
BSI-DSZ-CC-1131-V2-2023,DE,{'ANSSI-CC-2020/24'}
BSI-DSZ-CC-0596-V3-2023,DE,{'BSI-DSZ-CC-0950-V2-2018'}
BSI-DSZ-CC-0831-V5-2022,DE,{'BSI-DSZ-CC-0957-V2-2016'}
BSI-DSZ-CC-1068-V3-2022,DE,"{'BSI-DSZ-CC-0976-V4-2021', 'BSI-DSZ-CC-0916-2015', 'BSI-DSZ-CC-0904-V2-2021'}"
BSI-DSZ-CC-1067-V3-2022,DE,"{'BSI-DSZ-CC-0976-V4-2021', 'BSI-DSZ-CC-0916-2015', 'BSI-DSZ-CC-0904-V2-2021'}"
BSI-DSZ-CC-1088-2022,DE,{'BSI-DSZ-CC-0782-V5-2020'}
BSI-DSZ-CC-1068-V2-2022,DE,{'BSI-DSZ-CC-0916-2015'}
BSI-DSZ-CC-1067-V2-2022,DE,{'BSI-DSZ-CC-0916-2015'}
BSI-DSZ-CC-0918-V4-2022,DE,{'BSI-DSZ-CC-0957-V2-2016'}
BSI-DSZ-CC-0918-V3-2022,DE,{'BSI-DSZ-CC-0957-V2-2016'}
NSCIB-CC-0351632-CR,NL,set()
BSI-DSZ-CC-0831-V4-2021,DE,{'BSI-DSZ-CC-0957-V2-2016'}
BSI-DSZ-CC-1120-V2-2021,DE,{'BSI-DSZ-CC-1040-2019'}
BSI-DSZ-CC-0918-V2-2021,DE,{'BSI-DSZ-CC-0957-V2-2016'}
BSI-DSZ-CC-1130-2021,DE,{'BSI-DSZ-CC-1153-2021'}
BSI-DSZ-CC-0919-V2-2021,DE,{'BSI-DSZ-CC-0957-V2-2016'}
BSI-DSZ-CC-0831-V3-2021,DE,{'BSI-DSZ-CC-0957-V2-2016'}
BSI-DSZ-CC-1121-V2-2021,DE,{'BSI-DSZ-CC-1118-2020'}
BSI-DSZ-CC-1153-2021,DE,set()
BSI-DSZ-CC-1071-V5-2021,DE,{'BSI-DSZ-CC-0879-V4-2020'}
BSI-DSZ-CC-1067-2020,DE,{'BSI-DSZ-CC-0916-2015'}
BSI-DSZ-CC-1068-2020,DE,{'BSI-DSZ-CC-0916-2015'}
BSI-DSZ-CC-0831-V2-2020,DE,{'BSI-DSZ-CC-0957-V2-2016'}
BSI-DSZ-CC-0918-2020,DE,{'BSI-DSZ-CC-0957-V2-2016'}
BSI-DSZ-CC-1071-V4-2020,DE,{'BSI-DSZ-CC-0879-V4-2020'}
BSI-DSZ-CC-1120-2020,DE,{'BSI-DSZ-CC-1040-2019'}
BSI-DSZ-CC-1071-V3-2020,DE,{'BSI-DSZ-CC-0879-V4-2020'}
BSI-DSZ-CC-1111-2019,DE,{'ANSSI-CC-2017/73'}
BSI-DSZ-CC-0987-2019,DE,{'BSI-DSZ-CC-0782-V3-2017'}
BSI-DSZ-CC-1071-V2-2019,DE,{'BSI-DSZ-CC-0879-V3-2018'}
BSI-DSZ-CC-1071-2019,DE,{'BSI-DSZ-CC-0879-V3-2018'}
BSI-DSZ-CC-1070-2018,DE,{'ANSSI-CC-2017/73'}
BSI-DSZ-CC-1069-2018,DE,{'BSI-DSZ-CC-0827-V7-2018'}
BSI-DSZ-CC-0985-2018,DE,{'BSI-DSZ-CC-0782-V3-2017'}
NSCIB-CC-2300008-01-CR,NL,{'NSCIB-CC-221699-CR2'}
NSCIB-CC-0389122-CR,NL,{'NSCIB-CC-235654-CR'}
BSI-DSZ-CC-1112-V2-2021,DE,{'BSI-DSZ-CC-0891-V4-2019'}
NSCIB-CC-235654-CR,NL,set()
OCSI/CERT/CCL/02/2020/RC,IT,"{'OCSI/CERT/SYS/06/2017/RC', 'ANSSI-CC-2014/50'}"
BSI-DSZ-CC-1112-2020,DE,{'BSI-DSZ-CC-0891-V4-2019'}
NSCIB-CC-222073-CR,NL,set()
NSCIB-CC-159381-CR2-CR,NL,{'NSCIB-CC-222073-CR'}
OCSI/CERT/LEO/01/2019/RC,IT,{'OCSI/CERT/RES/02/2012/RC'}
BSI-DSZ-CC-1036-2019,DE,"{'BSI-DSZ-CC-0891-V3-2018', 'BSI-DSZ-CC-1034-2019', 'BSI-DSZ-CC-1033-2019'}"
OCSI/CERT/SYS/06/2017/RC,IT,"{'BSI-DSZ-CC-0999-2016', 'ANSSI-CC-2014/50'}"
NSCIB-CC-200270-CR,NL,{'BSI-DSZ-CC-0945-V2-2018'}
BSI-DSZ-CC-1032-2018,DE,"{'BSI-DSZ-CC-1028-2017', 'BSI-DSZ-CC-0951-2015'}"
ANSSI-CC-2023/08,FR,{'NSCIB-CC-0252712-CR3'}
ANSSI-CC-2022/48,FR,{'ANSSI-CC-2021/40'}
ANSSI-CC-2021/40,FR,set()
ANSSI-CC-2020/28,FR,"{'ANSSI-CC-2016/44', 'ANSSI-CC-2017/01', 'ANSSI-CC-2020/25'}"
ANSSI-CC-2020/40,FR,"{'ANSSI-CC-2017/01', 'ANSSI-CC-2016/43', 'ANSSI-CC-2020/25'}"
ANSSI-CC-2020/21,FR,{'ANSSI-CC-2018/61'}
ANSSI-CC-2019/46,FR,"{'ANSSI-CC-2015/36', 'ANSSI-CC-2018/41'}"
ANSSI-CC-2019/44,FR,"{'ANSSI-CC-2018/39', 'ANSSI-CC-2015/36', 'ANSSI-CC-2018/41'}"
ANSSI-CC-2019/45,FR,"{'ANSSI-CC-2018/39', 'ANSSI-CC-2015/36', 'ANSSI-CC-2018/41'}"
ANSSI-CC-2019/54,FR,"{'ANSSI-CC-2016/79', 'ANSSI-CC-2017/40'}"
ANSSI-CC-2019/52,FR,"{'ANSSI-CC-2017/38', 'ANSSI-CC-2016/77'}"
ANSSI-CC-2019/53,FR,"{'ANSSI-CC-2017/39', 'ANSSI-CC-2016/78'}"
ANSSI-CC-2019/37,FR,"{'ANSSI-CC-2017/02', 'ANSSI-CC-2015/36', 'ANSSI-CC-2018/41'}"
ANSSI-CC-2018/60,FR,{'ANSSI-CC-2018/08'}
ANSSI-CC-2018/55,FR,"{'ANSSI-CC-2018/52', 'ANSSI-CC-2018/19'}"
ANSSI-CC-2018/52,FR,{'ANSSI-CC-2018/08'}
ANSSI-CC-2017/73,FR,{'ANSSI-CC-2017/02'}
CRP282,UK,{'CRP257'}
CRP257,UK,{'CRP241'}
CRP241,UK,set()
ANSSI-CC-2013/17,FR,"{'ANSSI-CC-2009/29', 'ANSSI-CC-2012/34'}"
ANSSI-CC-2012/34,FR,{'ANSSI-CC-2009/29'}
383-4-183,CA,{'383-4-184'}
383-4-184,CA,set()
NSCIB-CC-09-11025-CR2-CR,NL,{'NSCIB-CC-09-11025-CR'}
NSCIB-CC-09-11025-CR,NL,set()
ANSSI-CC-2009/30,FR,{'ANSSI-CC-2009/29'}
ANSSI-CC-2009/29,FR,set()
BSI-DSZ-CC-0453-2009,DE,{'CCEVS-VR-0131-2005'}
BSI-DSZ-CC-0387-2007,DE,"{'CCEVS-VR-0131-2005', 'BSI-DSZ-CC-0262-2005'}"
CCEVS-VR-06-0045,US,{'CCEVS-VR-0044-2006'}
BSI-DSZ-CC-0262-2005,DE,set()
BSI-DSZ-CC-0218-2003,DE,{'CCEVS-VR-0025-2002'}
OCSI/CERT/ATS/01/2017/RC,IT,{'BSI-DSZ-CC-1029-2017'}
BSI-DSZ-CC-0884-2014,DE,{'BSI-DSZ-CC-0788-2012'}
BSI-DSZ-CC-0765-2012,DE,{'BSI-DSZ-CC-0481-2008'}
BSI-DSZ-CC-0588-2009,DE,{'CCEVS-VR-VID-10271-2007'}
BSI-DSZ-CC-0578-2009,DE,{'CCEVS-VR-VID-10271-2007'}
BSI-DSZ-CC-0577-2009,DE,"{'CCEVS-VR-VID-10271-2007', 'BSI-DSZ-CC-0468-2007'}"
BSI-DSZ-CC-0366-2008,DE,{'CCEVS-VR-0131-2005'}
CRP244,UK,set()
BSI-DSZ-CC-0403-2008,DE,"{'CCEVS-VR-0020-2006', 'BSI-DSZ-CC-0257-2004'}"
BSI-DSZ-CC-0402-2008,DE,"{'CCEVS-VR-0020-2006', '383-4-26'}"
BSI-DSZ-CC-0416-2007,DE,{'CCEVS-VR-0131-2005'}
CRP234,UK,"{'383-4-26', 'CRP182'}"
CRP223,UK,"{'CRP182', 'CRP178'}"
CRP221,UK,{'BSI-DSZ-CC-0257-2004'}
CRP222,UK,{'BSI-DSZ-CC-0257-2004'}
CRP210,UK,"{'CRP182', 'CRP178'}"
CRP212,UK,{'BSI-DSZ-CC-0234-2004'}
CRP211,UK,{'BSI-DSZ-CC-0234-2004'}
CRP178,UK,set()
ANSSI-CC-2015/45,FR,{'BSI-DSZ-CC-0782-2012'}
CCEVS-VR-VID10502-2012,US,{'CCEVS-VR-VID-10406-2011'}
CCEVS-VR-VID10406-2011,US,{'CCEVS-VR-VID-10334-2010'}
BSI-DSZ-CC-0364-2007,DE,{'BSI-DSZ-CC-0247-2005'}
ANSSI-CC-2022/14,FR,"{'BSI-DSZ-CC-1107-2020', 'ANSSI-CC-2021/29'}"
ANSSI-CC-2022/15,FR,"{'BSI-DSZ-CC-1107-2020', 'ANSSI-CC-2021/29'}"
ANSSI-CC-2022/16,FR,"{'BSI-DSZ-CC-1107-2020', 'ANSSI-CC-2021/29'}"
ANSSI-CC-2022/17,FR,"{'BSI-DSZ-CC-1107-2020', 'ANSSI-CC-2021/29'}"
ANSSI-CC-2022/18,FR,"{'BSI-DSZ-CC-1107-2020', 'ANSSI-CC-2021/29'}"
ANSSI-CC-2018/32,FR,"{'ANSSI-CC-2018/32', 'ANSSI-CC-2017/24'}"
NSCIB-CC-0362721-CR,NL,{'ANSSI-CC-2021/29'}
ANSSI-CC-2021/29,FR,"{'BSI-DSZ-CC-1107-2020', 'ANSSI-CC-2021/29'}"
ANSSI-CC-2021/19,FR,"{'BSI-DSZ-CC-1136-2021', 'ANSSI-CC-2020/75'}"
ANSSI-CC-2021/20,FR,"{'BSI-DSZ-CC-1136-2021', 'ANSSI-CC-2020/76'}"
21.0.03/TSE-CCCS-59,TR,"{'BSI-DSZ-CC-0977-2017', 'BSI-DSZ-CC-1019-2017'}"
ANSSI-CC-2019/16,FR,"{'ANSSI-CC-2017/61', 'ANSSI-CC-2016/58'}"
ANSSI-CC-2019/17,FR,{'ANSSI-CC-2016/58'}
NSCIB-CC-180045-CR2-CR,NL,{'BSI-DSZ-CC-1059-2018'}
NSCIB-CC-180351-CR2-CR,NL,{'BSI-DSZ-CC-1059-2018'}
BSI-DSZ-CC-1074-2019,DE,{'ANSSI-CC-2017/61'}
BSI-DSZ-CC-1073-2019,DE,"{'ANSSI-CC-2017/61', 'BSI-DSZ-CC-1074-2019'}"
ANSSI-CC-2019/05,FR,"{'ANSSI-CC-2010/02', 'ANSSI-CC-2012/68'}"
ANSSI-CC-2018/36,FR,"{'ANSSI-CC-2018/35', 'BSI-DSZ-CC-0945-2017'}"
ANSSI-CC-2018/37,FR,"{'ANSSI-CC-2018/35', 'BSI-DSZ-CC-0945-2017'}"
ANSSI-CC-2018/38,FR,"{'ANSSI-CC-2018/35', 'BSI-DSZ-CC-0945-2017'}"
BSI-DSZ-CC-1079-2018,DE,set()
BSI-DSZ-CC-0596-V2-2018,DE,"{'BSI-DSZ-CC-0928-2018', 'BSI-DSZ-CC-0950-V2-2018'}"
ANSSI-CC-2018/41,FR,"{'ANSSI-CC-2017/39', 'ANSSI-CC-2015/36'}"
BSI-DSZ-CC-0976-V2-2018,DE,{'BSI-DSZ-CC-0945-V2-2018'}
BSI-DSZ-CC-0827-V7-2018,DE,set()
ANSSI-CC-2018/35,FR,{'BSI-DSZ-CC-0945-2017'}
CSEC2017020,SE,{'BSI-DSZ-CC-0827-V6-2017'}
ANSSI-CC-2018/34,FR,{'ANSSI-CC-2014/24'}
ANSSI-CC-2018/31,FR,{'ANSSI-CC-2016/65'}
OCSI/CERT/SYS/02/2018/RC,IT,"{'OCSI/CERT/SYS/09/2016/RC', 'NSCIB-CC-16-99111-CR2'}"
OCSI/CERT/SYS/03/2018/RC,IT,"{'OCSI/CERT/SYS/10/2016/RC', 'NSCIB-CC-16-99111-CR2'}"
ANSSI-CC-2018/26,FR,{'ANSSI-CC-2014/59'}
ANSSI-CC-2018/25,FR,{'ANSSI-CC-2014/58'}
ANSSI-CC-2018/22,FR,"{'ANSSI-CC-2016/70', 'ANSSI-CC-2017/59'}"
NSCIB-CC-111441-CR,NL,"{'ANSSI-CC-2018/08', 'ANSSI-CC-2018/19'}"
BSI-DSZ-CC-1022-2018,DE,"{'BSI-DSZ-CC-0973-V2-2016', 'BSI-DSZ-CC-0973-2016'}"
BSI-DSZ-CC-1023-2018,DE,"{'BSI-DSZ-CC-0973-V2-2016', 'BSI-DSZ-CC-0973-2016'}"
BSI-DSZ-CC-1059-2018,DE,set()
BSI-DSZ-CC-1037-2018,DE,"{'ANSSI-CC-2015/59', 'ANSSI-CC-2017/23'}"
ANSSI-CC-2018/21,FR,"{'ANSSI-CC-2017/76', 'BSI-DSZ-CC-0891-V2-2016'}"
BSI-DSZ-CC-0995-2018,DE,"{'BSI-DSZ-CC-0973-V2-2016', 'BSI-DSZ-CC-0996-2018'}"
BSI-DSZ-CC-0996-2018,DE,{'BSI-DSZ-CC-0973-V2-2016'}
BSI-DSZ-CC-0945-V2-2018,DE,{'BSI-DSZ-CC-0891-V2-2016'}
BSI-DSZ-CC-0961-V2-2018,DE,{'BSI-DSZ-CC-0891-V2-2016'}
ANSSI-CC-2018/19,FR,{'ANSSI-CC-2018/08'}
ANSSI-CC-2018/13,FR,"{'ANSSI-CC-2017/12', 'ANSSI-CC-2018/12'}"
BSI-DSZ-CC-0879-V3-2018,DE,set()
ANSSI-CC-2018/09,FR,{'BSI-DSZ-CC-0973-2016'}
ANSSI-CC-2018/10,FR,{'BSI-DSZ-CC-0973-2016'}
ANSSI-CC-2018/12,FR,{'ANSSI-CC-2017/53'}
ANSSI-CC-2018/07,FR,"{'NSCIB-CC-65156-CR2', 'NSCIB-CC-65655-CR2'}"
21.0.03/TSE-CCCS-49,TR,{'BSI-DSZ-CC-0782-V4-2018'}
21.0.03/TSE-CCCS-51,TR,{'BSI-DSZ-CC-0782-V4-2018'}
ANSSI-CC-2018/08,FR,set()
ANSSI-CC-2017/68,FR,"{'ANSSI-CC-2017/49', 'ANSSI-CC-2017/47', 'BSI-DSZ-CC-0973-V2-2016'}"
ANSSI-CC-2018/03,FR,"{'ANSSI-CC-2017/48', 'ANSSI-CC-2010/03', 'BSI-DSZ-CC-0955-V2-2016', 'BSI-DSZ-CC-0973-V2-2016', 'ANSSI-CC-2017/49', 'ANSSI-CC-2017/47'}"
ANSSI-CC-2018/04,FR,"{'ANSSI-CC-2017/48', 'ANSSI-CC-2010/03', 'BSI-DSZ-CC-0955-V2-2016', 'BSI-DSZ-CC-0973-V2-2016', 'ANSSI-CC-2017/49', 'ANSSI-CC-2017/47'}"
ANSSI-CC-2018/05,FR,"{'ANSSI-CC-2017/48', 'ANSSI-CC-2010/03', 'BSI-DSZ-CC-0955-V2-2016', 'BSI-DSZ-CC-0973-V2-2016', 'ANSSI-CC-2017/49', 'ANSSI-CC-2017/47'}"
ANSSI-CC-2018/06,FR,"{'ANSSI-CC-2017/48', 'ANSSI-CC-2010/03', 'BSI-DSZ-CC-0955-V2-2016', 'BSI-DSZ-CC-0973-V2-2016', 'ANSSI-CC-2017/49', 'ANSSI-CC-2017/47'}"
ANSSI-CC-2017/69,FR,"{'ANSSI-CC-2017/48', 'ANSSI-CC-2010/03', 'BSI-DSZ-CC-0955-V2-2016', 'BSI-DSZ-CC-0973-V2-2016', 'ANSSI-CC-2017/49', 'ANSSI-CC-2017/47'}"
ANSSI-CC-2017/70,FR,"{'ANSSI-CC-2017/48', 'ANSSI-CC-2010/03', 'BSI-DSZ-CC-0955-V2-2016', 'BSI-DSZ-CC-0973-V2-2016', 'ANSSI-CC-2017/49', 'ANSSI-CC-2017/47'}"
ANSSI-CC-2017/71,FR,"{'ANSSI-CC-2017/48', 'ANSSI-CC-2010/03', 'BSI-DSZ-CC-0955-V2-2016', 'BSI-DSZ-CC-0973-V2-2016', 'ANSSI-CC-2017/49', 'ANSSI-CC-2017/47'}"
ANSSI-CC-2017/72,FR,"{'ANSSI-CC-2017/48', 'ANSSI-CC-2010/03', 'BSI-DSZ-CC-0955-V2-2016', 'BSI-DSZ-CC-0973-V2-2016', 'ANSSI-CC-2017/49', 'ANSSI-CC-2017/47'}"
BSI-DSZ-CC-0782-V4-2018,DE,set()
BSI-DSZ-CC-0891-V3-2018,DE,set()
BSI-DSZ-CC-0808-V3-2017,DE,"{'BSI-DSZ-CC-0809-V3-2017', 'BSI-DSZ-CC-0978-V2-2017'}"
BSI-DSZ-CC-0809-V3-2017,DE,"{'BSI-DSZ-CC-0808-V3-2017', 'BSI-DSZ-CC-0978-V2-2017'}"
ANSSI-CC-2017/65,FR,"{'ANSSI-CC-2016/81', 'ANSSI-CC-2017/59', 'BSI-DSZ-CC-0782-V2-2015'}"
ANSSI-CC-2017/66,FR,"{'ANSSI-CC-2016/80', 'ANSSI-CC-2017/59', 'BSI-DSZ-CC-0782-V2-2015'}"
2016-30-INF-2094,ES,{'BSI-DSZ-CC-0891-V2-2016'}
2016-31-INF-2102,ES,{'BSI-DSZ-CC-0891-V2-2016'}
2016-32-INF-2110,ES,{'BSI-DSZ-CC-0891-V2-2016'}
BSI-DSZ-CC-1019-2017,DE,{'BSI-DSZ-CC-0977-2017'}
BSI-DSZ-CC-0990-V2-2017,DE,{'BSI-DSZ-CC-0963-V2-2017'}
ANSSI-CC-2017/62,FR,{'BSI-DSZ-CC-0897-V2-2014'}
ANSSI-CC-2017/63,FR,{'BSI-DSZ-CC-0897-V2-2014'}
ANSSI-CC-2017/64,FR,{'BSI-DSZ-CC-0897-V2-2014'}
ANSSI-CC-2017/59,FR,"{'ANSSI-CC-2016/66', 'BSI-DSZ-CC-0782-V2-2015'}"
BSI-DSZ-CC-0827-V6-2017,DE,set()
BSI-DSZ-CC-1035-2017,DE,"{'BSI-DSZ-CC-0957-V2-2016', 'BSI-DSZ-CC-0978-V2-2017'}"
BSI-DSZ-CC-1014-2017,DE,{'BSI-DSZ-CC-0963-V2-2017'}
ANSSI-CC-2017/56,FR,{'ANSSI-CC-2016/12'}
BSI-DSZ-CC-0978-V2-2017,DE,set()
ANSSI-CC-2017/54,FR,"{'ANSSI-CC-2017/07', 'BSI-DSZ-CC-0891-V2-2016'}"
OCSI/CERT/SYS/09/2016/RC,IT,"{'NSCIB-CC-16-99111-CR', 'NSCIB-CC-16-99111-CR2'}"
OCSI/CERT/SYS/10/2016/RC,IT,"{'NSCIB-CC-16-99111-CR', 'NSCIB-CC-16-99111-CR2'}"
BSI-DSZ-CC-0964-V3-2017,DE,set()
BSI-DSZ-CC-1028-2017,DE,{'BSI-DSZ-CC-0951-2015'}
BSI-DSZ-CC-0782-V3-2017,DE,set()
ANSSI-CC-2017/48,FR,{'BSI-DSZ-CC-0955-V2-2016'}
ANSSI-CC-2017/47,FR,{'BSI-DSZ-CC-0955-V2-2016'}
ANSSI-CC-2017/53,FR,{'ANSSI-CC-2017/11'}
ANSSI-CC-2017/44,FR,{'ANSSI-CC-2016/58'}
ANSSI-CC-2017/43,FR,"{'BSI-DSZ-CC-0897-V2-2014', 'NSCIB-CC-16-99111-CR2'}"
ANSSI-CC-2017/42,FR,{'ANSSI-CC-2016/65'}
BSI-DSZ-CC-0977-2017,DE,set()
BSI-DSZ-CC-0945-2017,DE,set()
CRP301,UK,{'BSI-DSZ-CC-0955-V2-2016'}
KECS-ISIS-0798-2017,KR,"{'ANSSI-CC-2014/58', 'ANSSI-CC-2014/59'}"
KECS-ISIS-0797-2017,KR,"{'ANSSI-CC-2014/58', 'ANSSI-CC-2014/59'}"
KECS-ISIS-0799-2017,KR,"{'ANSSI-CC-2014/58', 'ANSSI-CC-2014/59'}"
CSEC2014007,SE,{'BSI-DSZ-CC-0827-V4-2016'}
ANSSI-CC-2017/34,FR,"{'BSI-DSZ-CC-0897-V2-2014', 'NSCIB-CC-16-99111-CR', 'NSCIB-CC-16-99111-CR2'}"
ANSSI-CC-2017/35,FR,"{'BSI-DSZ-CC-0897-V2-2014', 'NSCIB-CC-16-99111-CR', 'NSCIB-CC-16-99111-CR2'}"
ANSSI-CC-2017/24,FR,set()
CRP300,UK,{'BSI-DSZ-CC-0915-2016'}
ANSSI-CC-2017/21,FR,"{'ANSSI-CC-2017/07', 'BSI-DSZ-CC-0891-V2-2016'}"
ANSSI-CC-2017/19,FR,"{'ANSSI-CC-2017/07', 'BSI-DSZ-CC-0891-V2-2016'}"
ANSSI-CC-2017/20,FR,"{'ANSSI-CC-2017/07', 'BSI-DSZ-CC-0891-V2-2016'}"
BSI-DSZ-CC-1017-2017,DE,{'BSI-DSZ-CC-0963-V2-2017'}
CRP299,UK,{'ANSSI-CC-2015/61'}
ANSSI-CC-2017/17,FR,{'ANSSI-CC-2016/65'}
ANSSI-CC-2017/18,FR,{'ANSSI-CC-2016/65'}
ANSSI-CC-2017/10,FR,{'ANSSI-CC-2015/59'}
ANSSI-CC-2017/23,FR,{'ANSSI-CC-2015/59'}
NSCIB-CC-46874-CR,NL,{'BSI-DSZ-CC-0954-2015'}
NSCIB-CC-87206-CR,NL,{'BSI-DSZ-CC-0955-2016'}
NSCIB-CC-127667-CR2-CR,NL,{'BSI-DSZ-CC-0955-2016'}
ANSSI-CC-2017/12,FR,{'ANSSI-CC-2017/11'}
ANSSI-CC-2017/13,FR,{'ANSSI-CC-2017/11'}
ANSSI-CC-2017/08,FR,"{'ANSSI-CC-2016/70', 'ANSSI-CC-2016/67', 'ANSSI-CC-2016/66', 'BSI-DSZ-CC-0879-V2-2015', 'BSI-DSZ-CC-0782-V2-2015'}"
ANSSI-CC-2017/09,FR,"{'ANSSI-CC-2016/70', 'ANSSI-CC-2016/67', 'ANSSI-CC-2016/66', 'BSI-DSZ-CC-0879-V2-2015', 'BSI-DSZ-CC-0782-V2-2015'}"
ANSSI-CC-2017/11,FR,set()
BSI-DSZ-CC-0963-V2-2017,DE,set()
NSCIB-CC-16-95781-CR,NL,{'BSI-DSZ-CC-0891-V2-2016'}
ANSSI-CC-2017/02,FR,"{'ANSSI-CC-2016/33', 'ANSSI-CC-2014/46'}"
ANSSI-CC-2017/01,FR,{'ANSSI-CC-2015/36'}
BSI-DSZ-CC-0835-V2-2017,DE,{'BSI-DSZ-CC-0829-V2-2015'}
BSI-DSZ-CC-0836-V2-2017,DE,"{'BSI-DSZ-CC-0835-V2-2017', 'BSI-DSZ-CC-0829-V2-2015'}"
NSCIB-CC-16-99111-CR2-CR,NL,"{'NSCIB-CC-16-99111-CR', 'BSI-DSZ-CC-0973-2016'}"
BSI-DSZ-CC-0891-V2-2016,DE,set()
CRP298,UK,{'CRP292'}
BSI-DSZ-CC-0952-V2-2016,DE,{'BSI-DSZ-CC-0829-V2-2015'}
ANSSI-CC-2016/81,FR,"{'ANSSI-CC-2015/45', 'ANSSI-CC-2016/64', 'BSI-DSZ-CC-0782-V2-2015'}"
ANSSI-CC-2016/80,FR,"{'ANSSI-CC-2015/45', 'ANSSI-CC-2016/64', 'BSI-DSZ-CC-0782-V2-2015'}"
BSI-DSZ-CC-0827-V4-2016,DE,set()
ANSSI-CC-2016/70,FR,"{'ANSSI-CC-2016/66', 'BSI-DSZ-CC-0879-V2-2015', 'BSI-DSZ-CC-0782-V2-2015', 'ANSSI-CC-2016/67'}"
ANSSI-CC-2016/74,FR,"{'BSI-DSZ-CC-0829-2012', 'BSI-DSZ-CC-0829-V2-2015'}"
ANSSI-CC-2016/73,FR,"{'BSI-DSZ-CC-0829-2012', 'ANSSI-CC-2014/61'}"
ANSSI-CC-2016/75,FR,"{'BSI-DSZ-CC-0829-2012', 'ANSSI-CC-2014/62'}"
ANSSI-CC-2016/12,FR,set()
ANSSI-CC-2016/63,FR,"{'NSCIB-CC-12-36243-CR2', 'BSI-DSZ-CC-0837-V2-2014'}"
CRP292,UK,{'BSI-DSZ-CC-0915-2016'}
BSI-DSZ-CC-0956-2016,DE,{'BSI-DSZ-CC-0782-V2-2015'}
BSI-DSZ-CC-0938-2016,DE,{'BSI-DSZ-CC-0782-V2-2015'}
ANSSI-CC-2016/69,FR,"{'ANSSI-CC-2012/30', 'ANSSI-CC-2012/71', 'BSI-DSZ-CC-0857-V2-2015'}"
ANSSI-CC-2016/66,FR,"{'BSI-DSZ-CC-0879-V2-2015', 'BSI-DSZ-CC-0782-V2-2015'}"
ANSSI-CC-2016/67,FR,"{'BSI-DSZ-CC-0879-V2-2015', 'BSI-DSZ-CC-0782-V2-2015'}"
ANSSI-CC-2016/65,FR,{'ANSSI-CC-2016/01'}
ANSSI-CC-2016/64,FR,"{'ANSSI-CC-2015/45', 'BSI-DSZ-CC-0782-V2-2015'}"
BSI-DSZ-CC-0955-V2-2016,DE,set()
BSI-DSZ-CC-0973-V2-2016,DE,set()
ANSSI-CC-2016/60,FR,"{'BSI-DSZ-CC-0946-V2-2015', 'BSI-DSZ-CC-0946-2014', 'ANSSI-CC-2014/81'}"
NSCIB-CC-15-67351-CR,NL,"{'BSI-DSZ-CC-0857-V2-2015', 'BSI-DSZ-CC-0955-2016'}"
NSCIB-CC-15-77633-CR,NL,{'BSI-DSZ-CC-0782-V2-2015'}
ANSSI-CC-2016/53,FR,{'ANSSI-CC-2012/37'}
ANSSI-CC-2016/59,FR,set()
BSI-DSZ-CC-0808-V2-2016,DE,"{'BSI-DSZ-CC-0978-2016', 'BSI-DSZ-CC-0809-V2-2016'}"
BSI-DSZ-CC-0809-V2-2016,DE,"{'BSI-DSZ-CC-0978-2016', 'BSI-DSZ-CC-0808-V2-2016'}"
NSCIB-CC-16-99111-CR,NL,{'BSI-DSZ-CC-0973-2016'}
CRP297,UK,{'BSI-DSZ-CC-0915-2016'}
2015-30-INF-1650,ES,{'ANSSI-CC-2015/66'}
2015-31-INF-1653,ES,{'ANSSI-CC-2015/66'}
ANSSI-CC-2016/52,FR,{'BSI-DSZ-CC-0978-2016'}
ANSSI-CC-2016/51,FR,{'BSI-DSZ-CC-0978-2016'}
ANSSI-CC-2016/50,FR,{'BSI-DSZ-CC-0978-2016'}
ANSSI-CC-2016/49,FR,{'BSI-DSZ-CC-0978-2016'}
ANSSI-CC-2016/48,FR,{'BSI-DSZ-CC-0837-V2-2014'}
ANSSI-CC-2016/47,FR,{'BSI-DSZ-CC-0837-V2-2014'}
ANSSI-CC-2016/46,FR,{'BSI-DSZ-CC-0837-V2-2014'}
ANSSI-CC-2016/45,FR,{'BSI-DSZ-CC-0837-V2-2014'}
BSI-DSZ-CC-0968-2016,DE,{'BSI-DSZ-CC-0782-V2-2015'}
BSI-DSZ-CC-0967-2016,DE,{'BSI-DSZ-CC-0782-V2-2015'}
ANSSI-CC-2016/37,FR,{'BSI-DSZ-CC-0837-V2-2014'}
ANSSI-CC-2016/41,FR,{'BSI-DSZ-CC-0978-2016'}
ANSSI-CC-2016/36,FR,{'BSI-DSZ-CC-0837-V2-2014'}
ANSSI-CC-2016/40,FR,{'BSI-DSZ-CC-0978-2016'}
ANSSI-CC-2016/35,FR,{'BSI-DSZ-CC-0837-V2-2014'}
ANSSI-CC-2016/39,FR,{'BSI-DSZ-CC-0978-2016'}
ANSSI-CC-2016/34,FR,{'BSI-DSZ-CC-0837-V2-2014'}
ANSSI-CC-2016/38,FR,{'BSI-DSZ-CC-0978-2016'}
BSI-DSZ-CC-0973-2016,DE,set()
CRP296,UK,{'BSI-DSZ-CC-0955-2016'}
ANSSI-CC-2016/16,FR,set()
ANSSI-CC-2016/26,FR,{'BSI-DSZ-CC-0978-2016'}
ANSSI-CC-2016/27,FR,{'BSI-DSZ-CC-0978-2016'}
ANSSI-CC-2016/28,FR,"{'BSI-DSZ-CC-0978-2016', 'BSI-DSZ-CC-0837-V2-2014'}"
ANSSI-CC-2016/29,FR,{'BSI-DSZ-CC-0978-2016'}
ANSSI-CC-2016/30,FR,"{'BSI-DSZ-CC-0978-2016', 'BSI-DSZ-CC-0837-V2-2014'}"
NSCIB-CC-11-31801-CR4-CR,NL,{'BSI-DSZ-CC-0845-V2-2013'}
ANSSI-CC-2016/32,FR,{'ANSSI-CC-2016/08'}
ANSSI-CC-2016/23,FR,"{'ANSSI-CC-2015/73', 'BSI-DSZ-CC-0917-2014', 'BSI-DSZ-CC-0926-2014'}"
ANSSI-CC-2016/24,FR,"{'BSI-DSZ-CC-0964-2015', 'BSI-DSZ-CC-0917-2014', 'ANSSI-CC-2016/06', 'BSI-DSZ-CC-0926-2014'}"
ANSSI-CC-2016/17,FR,{'BSI-DSZ-CC-0837-V2-2014'}
ANSSI-CC-2016/18,FR,{'BSI-DSZ-CC-0837-V2-2014'}
ANSSI-CC-2016/19,FR,{'BSI-DSZ-CC-0837-V2-2014'}
ANSSI-CC-2016/20,FR,{'BSI-DSZ-CC-0837-V2-2014'}
ANSSI-CC-2016/21,FR,{'BSI-DSZ-CC-0837-V2-2014'}
BSI-DSZ-CC-0941-2016,DE,"{'BSI-DSZ-CC-0813-2012', 'BSI-DSZ-CC-0829-V2-2015'}"
BSI-DSZ-CC-0817-V2-2016,DE,{'BSI-DSZ-CC-0978-2016'}
BSI-DSZ-CC-0990-2016,DE,{'BSI-DSZ-CC-0963-2015'}
OCSI/CERT/SYS/03/2016/RC,IT,"{'OCSI/CERT/SYS/05/2015/RC', 'NSCIB-CC-13-37760-CR2'}"
OCSI/CERT/SYS/02/2016/RC,IT,"{'BSI-DSZ-CC-0750-V2-2014', 'NSCIB-CC-13-37760-CR2'}"
BSI-DSZ-CC-0955-2016,DE,set()
ANSSI-CC-2016/08,FR,set()
ANSSI-CC-2016/06,FR,set()
BSI-DSZ-CC-0915-2016,DE,set()
ANSSI-CC-2016/03,FR,"{'ANSSI-CC-2015/15', 'BSI-DSZ-CC-0845-V2-2013', 'ANSSI-CC-2015/37'}"
ANSSI-CC-2016/04,FR,"{'ANSSI-CC-2015/15', 'BSI-DSZ-CC-0845-V2-2013', 'ANSSI-CC-2015/37'}"
BSI-DSZ-CC-0978-2016,DE,set()
ANSSI-CC-2015/66,FR,set()
ANSSI-CC-2016/01,FR,{'ANSSI-CC-2015/60'}
ANSSI-CC-2015/79,FR,{'BSI-DSZ-CC-0837-V2-2014'}
ANSSI-CC-2015/77,FR,{'BSI-DSZ-CC-0837-V2-2014'}
ANSSI-CC-2015/78,FR,{'BSI-DSZ-CC-0837-V2-2014'}
ANSSI-CC-2015/76,FR,{'BSI-DSZ-CC-0837-V2-2014'}
ANSSI-CC-2015/73,FR,{'BSI-DSZ-CC-0926-2014'}
BSI-DSZ-CC-0976-2015,DE,{'BSI-DSZ-CC-0782-V2-2015'}
ANSSI-CC-2015/59,FR,set()
KECS-ISIS-0675-2015,KR,{'ANSSI-CC-2012/70'}
KECS-ISIS-0676-2015,KR,{'BSI-DSZ-CC-0782-V2-2015'}
KECS-ISIS-0677-2015,KR,{'BSI-DSZ-CC-0782-V2-2015'}
ANSSI-CC-2015/74,FR,"{'BSI-DSZ-CC-0897-V2-2014', 'NSCIB-CC-12-36243-CR2'}"
ANSSI-CC-2015/75,FR,"{'BSI-DSZ-CC-0897-V2-2014', 'NSCIB-CC-12-36243-CR2'}"
BSI-DSZ-CC-0946-V2-2015,DE,set()
CRP290,UK,"{'BSI-DSZ-CC-0829-2012', 'BSI-DSZ-CC-0829-V2-2015'}"
ANSSI-CC-2015/65,FR,{'BSI-DSZ-CC-0837-V2-2014'}
ANSSI-CC-2015/63,FR,{'BSI-DSZ-CC-0837-V2-2014'}
ANSSI-CC-2015/64,FR,{'BSI-DSZ-CC-0837-V2-2014'}
ANSSI-CC-2015/62,FR,{'BSI-DSZ-CC-0837-V2-2014'}
ANSSI-CC-2015/60,FR,{'ANSSI-CC-2014/84'}
BSI-DSZ-CC-0879-V2-2015,DE,set()
BSI-DSZ-CC-0951-2015,DE,set()
BSI-DSZ-CC-0782-V2-2015,DE,set()
ANSSI-CC-2015/35,FR,"{'ANSSI-CC-2010/08', 'ANSSI-CC-2011/68'}"
ANSSI-CC-2015/34,FR,"{'ANSSI-CC-2010/08', 'ANSSI-CC-2011/67'}"
NSCIB-CC-12-36242-CR2-CR,NL,{'BSI-DSZ-CC-0939-2015'}
NSCIB-CC-11-31801-CR3-CR,NL,{'BSI-DSZ-CC-0845-V2-2013'}
NSCIB-CC-13-37582-CR2-CR,NL,{'BSI-DSZ-CC-0870-2014'}
ANSSI-CC-2015/44,FR,"{'BSI-DSZ-CC-0897-2013', 'BSI-DSZ-CC-0897-V2-2014', 'NSCIB-CC-12-36243-CR2'}"
ANSSI-CC-2015/40,FR,"{'ANSSI-CC-2015/15', 'BSI-DSZ-CC-0845-V2-2013'}"
OCSI/CERT/SYS/05/2015/RC,IT,{'NSCIB-CC-13-37760-CR2'}
OCSI/CERT/SYS/04/2015/RC,IT,"{'BSI-DSZ-CC-0750-V2-2014', 'NSCIB-CC-13-37760-CR2'}"
ANSSI-CC-2015/39,FR,"{'ANSSI-CC-2015/15', 'BSI-DSZ-CC-0845-V2-2013'}"
ANSSI-CC-2015/37,FR,"{'ANSSI-CC-2015/08', 'BSI-DSZ-CC-0845-2012', 'ANSSI-CC-2015/15', 'BSI-DSZ-CC-0845-V2-2013'}"
ANSSI-CC-2015/38,FR,"{'ANSSI-CC-2015/08', 'BSI-DSZ-CC-0845-2012', 'ANSSI-CC-2015/15', 'ANSSI-CC-2015/30', 'BSI-DSZ-CC-0870-2014'}"
ANSSI-CC-2015/36,FR,set()
ANSSI-CC-2015/31,FR,{'BSI-DSZ-CC-0917-2014'}
ANSSI-CC-2015/33,FR,{'BSI-DSZ-CC-0917-2014'}
ANSSI-CC-2015/32,FR,{'BSI-DSZ-CC-0917-2014'}
CRP287,UK,{'BSI-DSZ-CC-0917-2014'}
CRP288,UK,{'BSI-DSZ-CC-0917-2014'}
CRP286,UK,{'BSI-DSZ-CC-0917-2014'}
CRP289,UK,{'BSI-DSZ-CC-0917-2014'}
ANSSI-CC-2015/15,FR,"{'BSI-DSZ-CC-0845-V2-2013', 'ANSSI-CC-2014/86'}"
ANSSI-CC-2015/30,FR,"{'BSI-DSZ-CC-0870-2014', 'ANSSI-CC-2014/86'}"
BSI-DSZ-CC-0916-2015,DE,{'BSI-DSZ-CC-0879-2014'}
ANSSI-CC-2015/25,FR,"{'ANSSI-CC-2013/55', 'ANSSI-CC-2013/42'}"
BSI-DSZ-CC-0829-V2-2015,DE,set()
BSI-DSZ-CC-0892-V2-2015,DE,"{'NSCIB-CC-12-36243-CR2', 'BSI-DSZ-CC-0837-V2-2014', 'BSI-DSZ-CC-0893-2014'}"
NSCIB-CC-13-37581-CR2-CR,NL,{'BSI-DSZ-CC-0897-V2-2014'}
CRP283,UK,{'ANSSI-CC-2013/59'}
CRP284,UK,{'ANSSI-CC-2013/59'}
BSI-DSZ-CC-0904-2015,DE,{'BSI-DSZ-CC-0829-2012'}
BSI-DSZ-CC-0939-2015,DE,set()
BSI-DSZ-CC-0964-2015,DE,set()
NSCIB-CC-12-36243-CR2-CR,NL,"{'NSCIB-CC-12-36243-CR', 'BSI-DSZ-CC-0837-V2-2014'}"
BSI-DSZ-CC-0954-2015,DE,set()
ANSSI-CC-2015/17,FR,"{'ANSSI-CC-2010/02', 'ANSSI-CC-2015/16', 'ANSSI-CC-2012/68'}"
ANSSI-CC-2015/16,FR,{'ANSSI-CC-2012/68'}
BSI-DSZ-CC-0857-V2-2015,DE,set()
BSI-DSZ-CC-0935-2015,DE,set()
ANSSI-CC-2015/07,FR,{'ANSSI-CC-2012/77'}
ANSSI-CC-2015/08,FR,"{'BSI-DSZ-CC-0845-2012', 'BSI-DSZ-CC-0837-V2-2014', 'ANSSI-CC-2014/14', 'ANSSI-CC-2014/86', 'BSI-DSZ-CC-0837-2013'}"
CRP280,UK,{'ANSSI-CC-2014/46'}
BSI-DSZ-CC-0963-2015,DE,set()
BSI-DSZ-CC-0869-2015,DE,{'BSI-DSZ-CC-0782-2012'}
ANSSI-CC-2015/04,FR,"{'BSI-DSZ-CC-0837-V2-2014', 'BSI-DSZ-CC-0845-V2-2013', 'ANSSI-CC-2014/86'}"
ANSSI-CC-2015/02,FR,"{'BSI-DSZ-CC-0837-V2-2014', 'ANSSI-CC-2014/86'}"
ANSSI-CC-2015/03,FR,"{'ANSSI-CC-2014/07', 'BSI-DSZ-CC-0837-V2-2014', 'BSI-DSZ-CC-0845-V2-2013', 'ANSSI-CC-2014/86'}"
ANSSI-CC-2015/01,FR,"{'BSI-DSZ-CC-0837-V2-2014', 'ANSSI-CC-2014/86'}"
KECS-ISIS-0579-2015,KR,{'BSI-DSZ-CC-0782-2012'}
ANSSI-CC-2014/96,FR,"{'ANSSI-CC-2013/56', 'ANSSI-CC-2014/83'}"
ANSSI-CC-2014/92,FR,"{'ANSSI-CC-2010/02', 'ANSSI-CC-2013/54'}"
ANSSI-CC-2014/93,FR,"{'ANSSI-CC-2013/54', 'ANSSI-CC-2012/68'}"
ANSSI-CC-2014/94,FR,{'ANSSI-CC-2013/66'}
ANSSI-CC-2014/95,FR,{'ANSSI-CC-2013/66'}
CRP278,UK,"{'CRP279', 'BSI-DSZ-CC-0782-2012'}"
CRP279,UK,"{'BSI-DSZ-CC-0782-2012', 'CRP278'}"
BSI-DSZ-CC-0913-2014,DE,"{'BSI-DSZ-CC-0914-2014', 'BSI-DSZ-CC-0750-V2-2014', 'BSI-DSZ-CC-0911-2014', 'NSCIB-CC-13-37760-CR2', 'BSI-DSZ-CC-0912-2014', 'BSI-DSZ-CC-0858-2013'}"
BSI-DSZ-CC-0911-2014,DE,"{'BSI-DSZ-CC-0914-2014', 'BSI-DSZ-CC-0750-V2-2014', 'NSCIB-CC-13-37760-CR2', 'BSI-DSZ-CC-0858-2013', 'BSI-DSZ-CC-0913-2014'}"
BSI-DSZ-CC-0912-2014,DE,"{'BSI-DSZ-CC-0914-2014', 'BSI-DSZ-CC-0750-V2-2014', 'BSI-DSZ-CC-0911-2014', 'NSCIB-CC-13-37760-CR2', 'BSI-DSZ-CC-0858-2013', 'BSI-DSZ-CC-0913-2014'}"
ANSSI-CC-2014/86,FR,"{'ANSSI-CC-2014/06', 'BSI-DSZ-CC-0837-2013'}"
BSI-DSZ-CC-0868-2014,DE,{'BSI-DSZ-CC-0782-2012'}
ANSSI-CC-2014/88,FR,{'ANSSI-CC-2011/07'}
21.0.01/TSE-CCCS-23,TR,{'BSI-DSZ-CC-0782-2012'}
ANSSI-CC-2014/82,FR,{'ANSSI-CC-2013/18'}
ANSSI-CC-2014/83,FR,"{'ANSSI-CC-2014/56', 'ANSSI-CC-2013/27'}"
ANSSI-CC-2014/81,FR,"{'ANSSI-CC-2012/39', 'ANSSI-CC-2013/60', 'ANSSI-CC-2013/13'}"
ANSSI-CC-2014/78,FR,{'ANSSI-CC-2012/22'}
ANSSI-CC-2014/79,FR,{'ANSSI-CC-2012/22'}
BSI-DSZ-CC-0952-2014,DE,{'BSI-DSZ-CC-0813-2012'}
ANSSI-CC-2014/56,FR,"{'ANSSI-CC-2013/28', 'ANSSI-CC-2011/07'}"
BSI-DSZ-CC-0944-2014,DE,{'BSI-DSZ-CC-0854-2013'}
BSI-DSZ-CC-0946-2014,DE,set()
BSI-DSZ-CC-0894-2014,DE,"{'BSI-DSZ-CC-0895-2014', 'ANSSI-CC-2012/70'}"
BSI-DSZ-CC-0895-2014,DE,{'ANSSI-CC-2012/70'}
BSI-DSZ-CC-0897-V2-2014,DE,set()
BSI-DSZ-CC-0837-V2-2014,DE,set()
ANSSI-CC-2014/73,FR,{'ANSSI-CC-2012/77'}
ANSSI-CC-2014/74,FR,{'ANSSI-CC-2012/77'}
ANSSI-CC-2014/60,FR,{'ANSSI-CC-2013/61'}
CRP277,UK,{'BSI-DSZ-CC-0883-2013'}
NSCIB-CC-13-37658-CR,NL,set()
KECS-ISIS-0533-2014,KR,{'ANSSI-CC-2012/70'}
ANSSI-CC-2014/61,FR,"{'ANSSI-CC-2014/06', 'ANSSI-CC-2014/07', 'BSI-DSZ-CC-0829-2012'}"
ANSSI-CC-2014/62,FR,"{'ANSSI-CC-2014/06', 'BSI-DSZ-CC-0829-2012', 'ANSSI-CC-2014/08'}"
CRP275,UK,{'BSI-DSZ-CC-0917-2014'}
BSI-DSZ-CC-0898-2014,DE,"{'BSI-DSZ-CC-0829-2012', 'ANSSI-CC-2013/42'}"
NSCIB-CC-13-37761-CR2-CR,NL,"{'BSI-DSZ-CC-0857-2013', 'BSI-DSZ-CC-0633-V2-2014'}"
NSCIB-CC-13-37760-CR2-CR,NL,"{'BSI-DSZ-CC-0858-2013', 'BSI-DSZ-CC-0750-V2-2014'}"
SERTIT-056,NO,{'BSI-DSZ-CC-0883-2013'}
ANSSI-CC-2014/59,FR,"{'ANSSI-CC-2014/37', 'ANSSI-CC-2013/46'}"
ANSSI-CC-2014/57,FR,{'ANSSI-CC-2014/37'}
ANSSI-CC-2014/58,FR,"{'ANSSI-CC-2014/37', 'ANSSI-CC-2013/23'}"
ANSSI-CC-2014/84,FR,{'ANSSI-CC-2014/20'}
BSI-DSZ-CC-0750-V2-2014,DE,{'BSI-DSZ-CC-0858-2013'}
BSI-DSZ-CC-0633-V2-2014,DE,{'BSI-DSZ-CC-0857-2013'}
ANSSI-CC-2014/48,FR,"{'ANSSI-CC-2014/06', 'BSI-DSZ-CC-0829-2012'}"
ANSSI-CC-2014/49,FR,"{'ANSSI-CC-2014/06', 'BSI-DSZ-CC-0829-2012', 'BSI-DSZ-CC-0695-2011'}"
ANSSI-CC-2014/50,FR,"{'ANSSI-CC-2014/06', 'BSI-DSZ-CC-0829-2012', 'ANSSI-CC-2014/49', 'BSI-DSZ-CC-0695-2011'}"
ANSSI-CC-2014/37,FR,set()
KECS-ISIS-0513-2014,KR,"{'ANSSI-CC-2012/72', 'ANSSI-CC-2012/70'}"
ANSSI-CC-2014/24,FR,set()
BSI-DSZ-CC-0922-2014,DE,{'BSI-DSZ-CC-0813-2012'}
BSI-DSZ-CC-0861-2014,DE,"{'NSCIB-CC-12-36243-CR', 'BSI-DSZ-CC-0837-2013'}"
BSI-DSZ-CC-0892-2014,DE,"{'NSCIB-CC-12-36243-CR', 'BSI-DSZ-CC-0893-2014', 'BSI-DSZ-CC-0837-2013'}"
BSI-DSZ-CC-0893-2014,DE,"{'NSCIB-CC-12-36243-CR', 'BSI-DSZ-CC-0837-2013'}"
BSI-DSZ-CC-0926-2014,DE,set()
ANSSI-CC-2014/25,FR,"{'ANSSI-CC-2010/02', 'ANSSI-CC-2012/68'}"
ANSSI-CC-2014/26,FR,"{'ANSSI-CC-2010/02', 'ANSSI-CC-2012/68'}"
BSI-DSZ-CC-0879-2014,DE,set()
ANSSI-CC-2014/20,FR,set()
BSI-DSZ-CC-0866-V2-2014,DE,"{'BSI-DSZ-CC-0858-2013', 'BSI-DSZ-CC-0750-2011'}"
BSI-DSZ-CC-0867-2014,DE,"{'BSI-DSZ-CC-0858-2013', 'BSI-DSZ-CC-0750-2011'}"
BSI-DSZ-CC-0873-2014,DE,{'BSI-DSZ-CC-0872-2013'}
ANSSI-CC-2014/13,FR,"{'ANSSI-CC-2014/06', 'BSI-DSZ-CC-0829-2012'}"
ANSSI-CC-2014/11,FR,"{'ANSSI-CC-2014/06', 'BSI-DSZ-CC-0829-2012'}"
ANSSI-CC-2014/12,FR,"{'ANSSI-CC-2014/06', 'BSI-DSZ-CC-0829-2012'}"
ANSSI-CC-2014/02,FR,"{'BSI-DSZ-CC-0555-2009', 'BSI-DSZ-CC-0857-2013'}"
ANSSI-CC-2014/03,FR,"{'BSI-DSZ-CC-0555-2009', 'BSI-DSZ-CC-0857-2013'}"
BSI-DSZ-CC-0870-2014,DE,set()
KECS-ISIS-0490-2014,KR,"{'ANSSI-CC-2012/72', 'ANSSI-CC-2012/70'}"
ANSSI-CC-2013/70,FR,"{'ANSSI-CC-2009/48', 'ANSSI-CC-2010/58', 'BSI-DSZ-CC-0555-2009', 'ANSSI-CC-2010/40', 'ANSSI-CC-2012/30', 'BSI-DSZ-CC-0857-2013'}"
ANSSI-CC-2014/14,FR,"{'BSI-DSZ-CC-0727-2011', 'ANSSI-CC-2014/06', 'BSI-DSZ-CC-0829-2012', 'BSI-DSZ-CC-0695-2011'}"
KECS-ISIS-0489-2014,KR,{'ANSSI-CC-2013/47'}
ANSSI-CC-2014/07,FR,"{'ANSSI-CC-2014/06', 'BSI-DSZ-CC-0829-2012', 'ANSSI-CC-2013/33'}"
ANSSI-CC-2014/09,FR,"{'ANSSI-CC-2014/06', 'BSI-DSZ-CC-0829-2012'}"
ANSSI-CC-2014/08,FR,"{'ANSSI-CC-2014/06', 'BSI-DSZ-CC-0829-2012'}"
BSI-DSZ-CC-0917-2014,DE,set()
ANSSI-CC-2014/06,FR,{'BSI-DSZ-CC-0829-2012'}
ANSSI-CC-2014/01,FR,"{'BSI-DSZ-CC-0555-2009', 'BSI-DSZ-CC-0857-2013'}"
ANSSI-CC-2013/65,FR,"{'ANSSI-CC-2012/39', 'ANSSI-CC-2011/07'}"
ANSSI-CC-2013/59,FR,set()
BSI-DSZ-CC-0866-2013,DE,"{'BSI-DSZ-CC-0858-2013', 'BSI-DSZ-CC-0750-2011'}"
BSI-DSZ-CC-0897-2013,DE,set()
BSI-DSZ-CC-0845-V2-2013,DE,set()
BSI-DSZ-CC-0872-2013,DE,set()
ANSSI-CC-2013/66,FR,set()
ANSSI-CC-2013/64,FR,"{'BSI-DSZ-CC-0829-2012', 'ANSSI-CC-2013/55'}"
KECS-ISIS-0468-2013,KR,"{'ANSSI-CC-2012/72', 'ANSSI-CC-2012/70', 'BSI-DSZ-CC-0719-2011'}"
BSI-DSZ-CC-0835-2013,DE,{'BSI-DSZ-CC-0813-2012'}
BSI-DSZ-CC-0836-2013,DE,"{'BSI-DSZ-CC-0813-2012', 'BSI-DSZ-CC-0835-2013'}"
NSCIB-CC-13-37762-CR,NL,{'BSI-DSZ-CC-0707-2012'}
BSI-DSZ-CC-0850-2013,DE,"{'BSI-DSZ-CC-0813-2012', 'BSI-DSZ-CC-0851-2013'}"
BSI-DSZ-CC-0851-2013,DE,{'BSI-DSZ-CC-0813-2012'}
BSI-DSZ-CC-0883-2013,DE,set()
BSI-DSZ-CC-0808-2013,DE,"{'BSI-DSZ-CC-0809-2013', 'BSI-DSZ-CC-0845-2012'}"
BSI-DSZ-CC-0809-2013,DE,"{'BSI-DSZ-CC-0845-2012', 'BSI-DSZ-CC-0885-2013'}"
ANSSI-CC-2013/61,FR,set()
BSI-DSZ-CC-0854-2013,DE,set()
ANSSI-CC-2013/60,FR,{'ANSSI-CC-2013/13'}
BSI-DSZ-CC-0885-2013,DE,"{'BSI-DSZ-CC-0886-2013', 'BSI-DSZ-CC-0845-2012'}"
BSI-DSZ-CC-0886-2013,DE,{'BSI-DSZ-CC-0845-2012'}
ANSSI-CC-2013/55,FR,{'BSI-DSZ-CC-0829-2012'}
ANSSI-CC-2013/57,FR,"{'ANSSI-CC-2012/48', 'ANSSI-CC-2011/07'}"
ANSSI-CC-2013/56,FR,"{'ANSSI-CC-2013/18', 'ANSSI-CC-2012/48', 'ANSSI-CC-2011/77', 'ANSSI-CC-2011/07'}"
NSCIB-CC-12-36243-CR,NL,{'BSI-DSZ-CC-0837-2013'}
BSI-DSZ-CC-0784-2013,DE,"{'BSI-DSZ-CC-0633-2010', 'BSI-DSZ-CC-0630-2010', 'BSI-DSZ-CC-0555-2009'}"
BSI-DSZ-CC-0860-2013,DE,"{'BSI-DSZ-CC-0707-2012', 'BSI-DSZ-CC-0864-2012'}"
BSI-DSZ-CC-0783-2013,DE,"{'BSI-DSZ-CC-0645-2010', 'BSI-DSZ-CC-0750-2011'}"
ANSSI-CC-2013/54,FR,"{'ANSSI-CC-2012/69', 'ANSSI-CC-2010/02'}"
ANSSI-CC-2013/47,FR,set()
KECS-ISIS-0456-2013,KR,{'ANSSI-CC-2012/70'}
BSI-DSZ-CC-0761-2013,DE,{'BSI-DSZ-CC-0813-2012'}
BSI-DSZ-CC-0760-2013,DE,"{'BSI-DSZ-CC-0813-2012', 'BSI-DSZ-CC-0761-2013'}"
ANSSI-CC-2013/40,FR,"{'BSI-DSZ-CC-0606-2010', 'BSI-DSZ-CC-0813-2012', 'ANSSI-CC-2013/39', 'BSI-DSZ-CC-0640-2010'}"
ANSSI-CC-2013/46,FR,set()
ANSSI-CC-2013/42,FR,{'BSI-DSZ-CC-0829-2012'}
BSI-DSZ-CC-0837-2013,DE,set()
ANSSI-CC-2013/44,FR,{'ANSSI-CC-2012/79'}
ANSSI-CC-2013/45,FR,{'ANSSI-CC-2013/13'}
BSI-DSZ-CC-0858-2013,DE,set()
BSI-DSZ-CC-0857-2013,DE,set()
ANSSI-CC-2013/39,FR,"{'BSI-DSZ-CC-0813-2012', 'BSI-DSZ-CC-0606-2010'}"
ANSSI-CC-2013/36,FR,{'ANSSI-CC-2012/22'}
ANSSI-CC-2013/37,FR,{'ANSSI-CC-2012/22'}
2012-8-INF-1198,ES,{'BSI-DSZ-CC-0555-2009'}
2012-9-INF-1200,ES,{'BSI-DSZ-CC-0555-2009'}
ANSSI-CC-2013/23,FR,set()
ANSSI-CC-2013/27,FR,"{'ANSSI-CC-2012/49', 'ANSSI-CC-2013/28'}"
ANSSI-CC-2013/28,FR,"{'ANSSI-CC-2012/48', 'ANSSI-CC-2011/07'}"
ANSSI-CC-2013/15,FR,{'ANSSI-CC-2012/08'}
ANSSI-CC-2013/14,FR,{'ANSSI-CC-2012/08'}
ANSSI-CC-2013/30,FR,"{'BSI-DSZ-CC-0555-2009', 'BSI-DSZ-CC-0645-2010', 'ANSSI-CC-2013/29'}"
ANSSI-CC-2013/31,FR,"{'BSI-DSZ-CC-0555-2009', 'BSI-DSZ-CC-0645-2010', 'ANSSI-CC-2013/29'}"
BSI-DSZ-CC-0751-2013,DE,{'BSI-DSZ-CC-0813-2012'}
ANSSI-CC-2013/29,FR,"{'BSI-DSZ-CC-0645-2010', 'BSI-DSZ-CC-0555-2009'}"
ANSSI-CC-2013/33,FR,"{'BSI-DSZ-CC-0829-2012', 'ANSSI-CC-2013/32'}"
ANSSI-CC-2013/35,FR,"{'BSI-DSZ-CC-0829-2012', 'ANSSI-CC-2013/32'}"
ANSSI-CC-2013/34,FR,"{'BSI-DSZ-CC-0829-2012', 'ANSSI-CC-2013/32'}"
ANSSI-CC-2013/32,FR,{'BSI-DSZ-CC-0829-2012'}
ANSSI-CC-2013/19,FR,{'ANSSI-CC-2012/49'}
ANSSI-CC-2013/18,FR,"{'ANSSI-CC-2012/48', 'ANSSI-CC-2011/07'}"
ANSSI-CC-2013/16,FR,"{'ANSSI-CC-2009/37', 'ANSSI-CC-2010/01'}"
ANSSI-CC-2013/11,FR,"{'BSI-DSZ-CC-0606-2010', 'ANSSI-CC-2012/85', 'BSI-DSZ-CC-0640-2010'}"
ANSSI-CC-2013/10,FR,"{'BSI-DSZ-CC-0813-2012', 'ANSSI-CC-2012/44', 'BSI-DSZ-CC-0606-2010', 'BSI-DSZ-CC-0640-2010'}"
BSI-DSZ-CC-0818-2013,DE,{'BSI-DSZ-CC-0813-2012'}
BSI-DSZ-CC-0817-2013,DE,{'BSI-DSZ-CC-0845-2012'}
ANSSI-CC-2012/85,FR,"{'BSI-DSZ-CC-0813-2012', 'BSI-DSZ-CC-0606-2010'}"
ANSSI-CC-2013/13,FR,{'ANSSI-CC-2012/79'}
ANSSI-CC-2013/08,FR,"{'ANSSI-CC-2012/28', 'BSI-DSZ-CC-0555-2009'}"
ANSSI-CC-2012/80,FR,"{'BSI-DSZ-CC-0645-2010', 'ANSSI-CC-2012/24', 'BSI-DSZ-CC-0555-2009'}"
BSI-DSZ-CC-0877-2013,DE,{'ANSSI-CC-2010/02'}
ANSSI-CC-2013/07,FR,"{'ANSSI-CC-2011/77', 'ANSSI-CC-2011/07'}"
ANSSI-CC-2013/05,FR,{'ANSSI-CC-2010/02'}
ANSSI-CC-2013/04,FR,{'ANSSI-CC-2010/02'}
2011-12-INF-1089,ES,"{'BSI-DSZ-CC-0555-2009', 'BSI-DSZ-CC-0645-2010', 'ANSSI-CC-2011/64', 'ANSSI-CC-2010/40'}"
2011-13-INF-1092,ES,"{'BSI-DSZ-CC-0555-2009', 'BSI-DSZ-CC-0645-2010', 'ANSSI-CC-2011/64', 'ANSSI-CC-2010/40'}"
2011-14-INF-1095,ES,"{'BSI-DSZ-CC-0555-2009', 'BSI-DSZ-CC-0645-2010', 'ANSSI-CC-2011/64', 'ANSSI-CC-2010/40'}"
2011-15-INF-1098,ES,"{'BSI-DSZ-CC-0555-2009', 'BSI-DSZ-CC-0645-2010', 'ANSSI-CC-2011/64', 'ANSSI-CC-2010/40'}"
ANSSI-CC-2013/06,FR,{'ANSSI-CC-2009/63'}
ANSSI-CC-2012/50,FR,"{'BSI-DSZ-CC-0813-2012', 'BSI-DSZ-CC-0640-2010'}"
ANSSI-CC-2012/51,FR,"{'BSI-DSZ-CC-0813-2012', 'BSI-DSZ-CC-0640-2010'}"
ANSSI-CC-2013/01,FR,{'ANSSI-CC-2009/38'}
KECS-ISIS-0435-2013,KR,{'ANSSI-CC-2012/70'}
ANSSI-CC-2012/68,FR,{'ANSSI-CC-2010/02'}
ANSSI-CC-2012/82,FR,{'ANSSI-CC-2010/02'}
ANSSI-CC-2012/83,FR,{'ANSSI-CC-2010/02'}
ANSSI-CC-2012/69,FR,{'ANSSI-CC-2010/02'}
BSI-DSZ-CC-0762-2012,DE,"{'BSI-DSZ-CC-0728-2011', 'BSI-DSZ-CC-0763-2012'}"
BSI-DSZ-CC-0763-2012,DE,{'BSI-DSZ-CC-0728-2011'}
ANSSI-CC-2012/38,FR,{'BSI-DSZ-CC-0813-2012'}
ANSSI-CC-2012/44,FR,{'BSI-DSZ-CC-0813-2012'}
BSI-DSZ-CC-0864-2012,DE,{'BSI-DSZ-CC-0707-2012'}
CRP272,UK,"{'ANSSI-CC-2012/30', 'BSI-DSZ-CC-0555-2009'}"
ANSSI-CC-2012/76,FR,"{'BSI-DSZ-CC-0645-2010', 'ANSSI-CC-2012/24', 'BSI-DSZ-CC-0555-2009'}"
ANSSI-CC-2012/46,FR,{'ANSSI-CC-2008/45'}
BSI-DSZ-CC-0845-2012,DE,set()
ANSSI-CC-2012/79,FR,{'ANSSI-CC-2011/07'}
ANSSI-CC-2012/45,FR,"{'ANSSI-CC-2008/45', 'BSI-DSZ-CC-0410-2007'}"
ANSSI-CC-2012/77,FR,"{'ANSSI-CC-2011/06', 'ANSSI-CC-2010/02'}"
KECS-ISIS-0419-2012,KR,{'ANSSI-CC-2010/02'}
BSI-DSZ-CC-0812-2012,DE,"{'BSI-DSZ-CC-0633-2010', 'BSI-DSZ-CC-0675-2011', 'BSI-DSZ-CC-0555-2009'}"
BSI-DSZ-CC-0746-2012,DE,"{'BSI-DSZ-CC-0633-2010', 'BSI-DSZ-CC-0675-2011', 'BSI-DSZ-CC-0555-2009'}"
BSI-DSZ-CC-0745-2012,DE,"{'BSI-DSZ-CC-0633-2010', 'BSI-DSZ-CC-0675-2011', 'BSI-DSZ-CC-0555-2009'}"
ANSSI-CC-2012/75,FR,{'ANSSI-CC-2011/07'}
ANSSI-CC-2012/72,FR,{'BSI-DSZ-CC-0639-2010'}
ANSSI-CC-2012/70,FR,{'BSI-DSZ-CC-0639-2010'}
ANSSI-CC-2012/71,FR,{'ANSSI-CC-2012/30'}
ANSSI-CC-2012/67,FR,{'BSI-DSZ-CC-0555-2009'}
ANSSI-CC-2012/65,FR,{'ANSSI-CC-2009/37'}
ANSSI-CC-2012/66,FR,{'BSI-DSZ-CC-0555-2009'}
ANSSI-CC-2012/30,FR,"{'ANSSI-CC-2011/64', 'BSI-DSZ-CC-0555-2009'}"
BSI-DSZ-CC-0782-2012,DE,{'BSI-DSZ-CC-0758-2012'}
BSI-DSZ-CC-0798-2012,DE,"{'BSI-DSZ-CC-0674-2011', 'BSI-DSZ-CC-0797-2012', 'BSI-DSZ-CC-0404-2007', 'BSI-DSZ-CC-0730-2011', 'BSI-DSZ-CC-0709-2010', 'BSI-DSZ-CC-0710-2010', 'BSI-DSZ-CC-0799-2012', 'BSI-DSZ-CC-0633-2010', 'BSI-DSZ-CC-0555-2009', 'BSI-DSZ-CC-0675-2011', 'BSI-DSZ-CC-0410-2007', 'BSI-DSZ-CC-0804-2012'}"
BSI-DSZ-CC-0797-2012,DE,"{'BSI-DSZ-CC-0674-2011', 'BSI-DSZ-CC-0798-2012', 'BSI-DSZ-CC-0404-2007', 'BSI-DSZ-CC-0730-2011', 'BSI-DSZ-CC-0680-2010', 'BSI-DSZ-CC-0709-2010', 'BSI-DSZ-CC-0710-2010', 'BSI-DSZ-CC-0799-2012', 'BSI-DSZ-CC-0633-2010', 'BSI-DSZ-CC-0555-2009', 'BSI-DSZ-CC-0675-2011', 'BSI-DSZ-CC-0410-2007', 'BSI-DSZ-CC-0804-2012'}"
BSI-DSZ-CC-0799-2012,DE,"{'BSI-DSZ-CC-0674-2011', 'BSI-DSZ-CC-0797-2012', 'BSI-DSZ-CC-0798-2012', 'BSI-DSZ-CC-0404-2007', 'BSI-DSZ-CC-0730-2011', 'BSI-DSZ-CC-0709-2010', 'BSI-DSZ-CC-0710-2010', 'BSI-DSZ-CC-0633-2010', 'BSI-DSZ-CC-0555-2009', 'BSI-DSZ-CC-0675-2011', 'BSI-DSZ-CC-0410-2007', 'BSI-DSZ-CC-0804-2012'}"
BSI-DSZ-CC-0829-2012,DE,set()
BSI-DSZ-CC-0707-2012,DE,set()
ANSSI-CC-2012/43,FR,"{'ANSSI-CC-2006/30', 'ANSSI-CC-2009/11'}"
ANSSI-CC-2012/39,FR,"{'ANSSI-CC-2011/24', 'ANSSI-CC-2011/07'}"
ANSSI-CC-2012/36,FR,{'BSI-DSZ-CC-0555-2009'}
ANSSI-CC-2012/49,FR,"{'ANSSI-CC-2012/48', 'ANSSI-CC-2012/11', 'ANSSI-CC-2011/77'}"
ANSSI-CC-2012/48,FR,{'ANSSI-CC-2011/07'}
BSI-DSZ-CC-0819-2012,DE,{'BSI-DSZ-CC-0813-2012'}
ANSSI-CC-2012/37,FR,set()
ANSSI-CC-2012/06,FR,{'ANSSI-CC-2011/07'}
ANSSI-CC-2012/31,FR,"{'BSI-DSZ-CC-0813-2012', 'BSI-DSZ-CC-0640-2010'}"
ANSSI-CC-2012/40,FR,"{'BSI-DSZ-CC-0813-2012', 'BSI-DSZ-CC-0640-2010'}"
ANSSI-CC-2012/32,FR,"{'BSI-DSZ-CC-0813-2012', 'BSI-DSZ-CC-0640-2010'}"
ANSSI-CC-2012/41,FR,"{'BSI-DSZ-CC-0813-2012', 'BSI-DSZ-CC-0640-2010'}"
NSCIB-CC-11-31802-CR,NL,{'BSI-DSZ-CC-0771-2011'}
ANSSI-CC-2012/28,FR,{'BSI-DSZ-CC-0555-2009'}
ANSSI-CC-2012/24,FR,"{'BSI-DSZ-CC-0645-2010', 'BSI-DSZ-CC-0555-2009'}"
KECS-ISIS-0394-2012,KR,{'BSI-DSZ-CC-0639-2010'}
ANSSI-CC-2012/10,FR,"{'ANSSI-CC-2010/38', 'ANSSI-CC-2011/01', 'ANSSI-CC-2010/58', 'ANSSI-CC-2010/36', 'ANSSI-CC-2010/37'}"
ANSSI-CC-2011/68,FR,{'ANSSI-CC-2010/08'}
ANSSI-CC-2011/67,FR,{'ANSSI-CC-2010/08'}
BSI-DSZ-CC-0813-2012,DE,set()
ANSSI-CC-2012/23,FR,"{'ANSSI-CC-2009/11', 'BSI-DSZ-CC-0421-2008'}"
ANSSI-CC-2012/22,FR,set()
KECS-ISIS-0378-2012,KR,{'BSI-DSZ-CC-0624-2010'}
ANSSI-CC-2012/09,FR,"{'ANSSI-CC-2009/17', 'ANSSI-CC-2008/45', 'BSI-DSZ-CC-0624-2010'}"
SERTIT-041,NO,{'SERTIT-021'}
ANSSI-CC-2012/11,FR,{'ANSSI-CC-2011/77'}
ANSSI-CC-2012/08,FR,set()
ANSSI-CC-2011/79,FR,"{'BSI-DSZ-CC-0523-2008', 'ANSSI-CC-2011/12', 'BSI-DSZ-CC-0630-2010'}"
ANSSI-CC-2011/74,FR,{'ANSSI-CC-2010/01'}
ANSSI-CC-2011/75,FR,{'ANSSI-CC-2010/01'}
ANSSI-CC-2011/80,FR,"{'BSI-DSZ-CC-0523-2008', 'ANSSI-CC-2011/12', 'BSI-DSZ-CC-0630-2010', 'ANSSI-CC-2011/10'}"
BSI-DSZ-CC-0758-2012,DE,set()
BSI-DSZ-CC-0800-2012,DE,{'BSI-DSZ-CC-0645-2010'}
ANSSI-CC-2011/58,FR,{'ANSSI-CC-2010/02'}
ANSSI-CC-2011/59,FR,{'ANSSI-CC-2010/02'}
ANSSI-CC-2011/73,FR,{'BSI-DSZ-CC-0555-2009'}
ANSSI-CC-2011/76,FR,{'BSI-DSZ-CC-0555-2009'}
ANSSI-CC-2011/77,FR,"{'ANSSI-CC-2011/17', 'ANSSI-CC-2011/07'}"
BSI-DSZ-CC-0744-2011,DE,"{'BSI-DSZ-CC-0645-2010', 'BSI-DSZ-CC-0750-2011', 'BSI-DSZ-CC-0731-2011'}"
BSI-DSZ-CC-0743-2011,DE,"{'BSI-DSZ-CC-0645-2010', 'BSI-DSZ-CC-0750-2011', 'BSI-DSZ-CC-0731-2011'}"
BSI-DSZ-CC-0771-2011,DE,set()
BSI-DSZ-CC-0632-2011,DE,set()
ANSSI-CC-2011/64,FR,{'BSI-DSZ-CC-0645-2010'}
ANSSI-CC-2011/63,FR,"{'ANSSI-CC-2010/56', 'ANSSI-CC-2010/02'}"
ANSSI-CC-2011/61,FR,"{'ANSSI-CC-2010/02', 'ANSSI-CC-2010/35'}"
ANSSI-CC-2011/62,FR,{'ANSSI-CC-2010/02'}
BSI-DSZ-CC-0767-2011,DE,{'BSI-DSZ-CC-0606-2010'}
BSI-DSZ-CC-0702-2011,DE,"{'BSI-DSZ-CC-0633-2010', 'BSI-DSZ-CC-0555-2009'}"
BSI-DSZ-CC-0703-2011,DE,"{'BSI-DSZ-CC-0633-2010', 'BSI-DSZ-CC-0702-2011', 'BSI-DSZ-CC-0555-2009'}"
ANSSI-CC-2011/49,FR,{'ANSSI-CC-2010/01'}
ANSSI-CC-2011/50,FR,{'ANSSI-CC-2010/01'}
ANSSI-CC-2011/45,FR,"{'ANSSI-CC-2006/30', 'ANSSI-CC-2009/11'}"
ANSSI-CC-2011/06,FR,"{'ANSSI-CC-2010/04', 'ANSSI-CC-2010/03'}"
ANSSI-CC-2011/27,FR,{'BSI-DSZ-CC-0555-2009'}
ANSSI-CC-2011/28,FR,{'BSI-DSZ-CC-0555-2009'}
BSI-DSZ-CC-0729-2011,DE,{'BSI-DSZ-CC-0728-2011'}
BSI-DSZ-CC-0733-2011,DE,{'BSI-DSZ-CC-0728-2011'}
ANSSI-CC-2011/16,FR,"{'BSI-DSZ-CC-0626-2009', 'BSI-DSZ-CC-0523-2008', 'ANSSI-CC-2011/10'}"
NSCIB-CC-11-32973-CR,NL,"{'ANSSI-CC-2010/57', 'ANSSI-CC-2009/57'}"
BSI-DSZ-CC-0717-2011,DE,{'BSI-DSZ-CC-0645-2010'}
BSI-DSZ-CC-0722-2011,DE,{'BSI-DSZ-CC-0640-2010'}
ANSSI-CC-2011/81,FR,{'ANSSI-CC-2010/03'}
ANSSI-CC-2011/72,FR,{'ANSSI-CC-2010/03'}
ANSSI-CC-2011/70,FR,{'ANSSI-CC-2010/03'}
BSI-DSZ-CC-0748-2011,DE,"{'BSI-DSZ-CC-0633-2010', 'BSI-DSZ-CC-0675-2011', 'BSI-DSZ-CC-0555-2009'}"
BSI-DSZ-CC-0747-2011,DE,"{'BSI-DSZ-CC-0633-2010', 'BSI-DSZ-CC-0675-2011', 'BSI-DSZ-CC-0555-2009'}"
BSI-DSZ-CC-0690-2011,DE,{'BSI-DSZ-CC-0466-2008'}
BSI-DSZ-CC-0691-2011,DE,{'BSI-DSZ-CC-0466-2008'}
BSI-DSZ-CC-0692-2011,DE,{'BSI-DSZ-CC-0466-2008'}
BSI-DSZ-CC-0705-2011,DE,{'BSI-DSZ-CC-0697-2011'}
ANSSI-CC-2011/24,FR,{'ANSSI-CC-2009/57'}
ANSSI-CC-2011/21,FR,"{'BSI-DSZ-CC-0680-2010', 'BSI-DSZ-CC-0410-2007'}"
ANSSI-CC-2010/36,FR,set()
BSI-DSZ-CC-0742-2011,DE,"{'BSI-DSZ-CC-0645-2010', 'BSI-DSZ-CC-0750-2011', 'BSI-DSZ-CC-0731-2011'}"
BSI-DSZ-CC-0741-2011,DE,"{'BSI-DSZ-CC-0645-2010', 'BSI-DSZ-CC-0750-2011', 'BSI-DSZ-CC-0731-2011'}"
ANSSI-CC-2010/59,FR,"{'ANSSI-CC-2008/45', 'BSI-DSZ-CC-0451-2007', 'ANSSI-CC-2008/01', 'ANSSI-CC-2009/56'}"
ANSSI-CC-2011/17,FR,{'ANSSI-CC-2011/07'}
ANSSI-CC-2011/13,FR,"{'BSI-DSZ-CC-0626-2009', 'BSI-DSZ-CC-0523-2008', 'ANSSI-CC-2011/12', 'ANSSI-CC-2011/10'}"
ANSSI-CC-2011/12,FR,"{'BSI-DSZ-CC-0626-2009', 'BSI-DSZ-CC-0523-2008', 'ANSSI-CC-2011/10'}"
NSCIB-CC-09-26151-CR,NL,"{'ANSSI-CC-2010/57', 'ANSSI-CC-2009/57'}"
BSI-DSZ-CC-0730-2011,DE,"{'BSI-DSZ-CC-0710-2010', 'BSI-DSZ-CC-0404-2007'}"
SERTIT-021,NO,set()
BSI-DSZ-CC-0719-2011,DE,set()
BSI-DSZ-CC-0727-2011,DE,set()
BSI-DSZ-CC-0695-2011,DE,set()
BSI-DSZ-CC-0728-2011,DE,set()
ANSSI-CC-2011/10,FR,"{'BSI-DSZ-CC-0626-2009', 'BSI-DSZ-CC-0523-2008'}"
BSI-DSZ-CC-0731-2011,DE,"{'BSI-DSZ-CC-0645-2010', 'BSI-DSZ-CC-0750-2011'}"
ANSSI-CC-2011/05,FR,{'BSI-DSZ-CC-0555-2009'}
BSI-DSZ-CC-0750-2011,DE,{'BSI-DSZ-CC-0645-2010'}
BSI-DSZ-CC-0697-2011,DE,set()
BSI-DSZ-CC-0675-2011,DE,"{'BSI-DSZ-CC-0633-2010', 'BSI-DSZ-CC-0555-2009'}"
ANSSI-CC-2011/07,FR,set()
BSI-DSZ-CC-0674-2011,DE,"{'BSI-DSZ-CC-0709-2010', 'BSI-DSZ-CC-0410-2007'}"
BSI-DSZ-CC-0642-2011,DE,{'BSI-DSZ-CC-0555-2009'}
ANSSI-CC-2011/03,FR,{'ANSSI-CC-2006/30'}
BSI-DSZ-CC-0671-2011,DE,{'ANSSI-CC-2010/02'}
BSI-DSZ-CC-0664-2011,DE,{'ANSSI-CC-2010/02'}
ANSSI-CC-2011/01,FR,"{'ANSSI-CC-2009/11', 'BSI-DSZ-CC-0421-2008', 'ANSSI-CC-2009/46'}"
BSI-DSZ-CC-0710-2010,DE,set()
BSI-DSZ-CC-0682-2010,DE,{'BSI-DSZ-CC-0645-2010'}
ANSSI-CC-2010/60,FR,"{'ANSSI-CC-2010/05', 'ANSSI-CC-2010/02'}"
BSI-DSZ-CC-0709-2010,DE,set()
BSI-DSZ-CC-0633-2010,DE,set()
BSI-DSZ-CC-0677-2010,DE,{'BSI-DSZ-CC-0640-2010'}
BSI-DSZ-CC-0704-2010,DE,"{'BSI-DSZ-CC-0410-2007', 'BSI-DSZ-CC-0417-2008'}"
BSI-DSZ-CC-0643-2010,DE,"{'BSI-DSZ-CC-0410-2007', 'BSI-DSZ-CC-0417-2008'}"
BSI-DSZ-CC-0680-2010,DE,set()
KECS-ISIS-0272-2010,KR,{'BSI-DSZ-CC-0438-2007'}
KECS-ISIS-0271-2010,KR,{'BSI-DSZ-CC-0639-2010'}
BSI-DSZ-CC-0630-2010,DE,{'BSI-DSZ-CC-0266-2005'}
ANSSI-CC-2010/58,FR,"{'ANSSI-CC-2010/40', 'ANSSI-CC-2009/48', 'ANSSI-CC-2010/37'}"
ANSSI-CC-2010/57,FR,"{'ANSSI-CC-2010/02', 'ANSSI-CC-2010/22'}"
ANSSI-CC-2010/56,FR,"{'ANSSI-CC-2010/02', 'ANSSI-CC-2010/19'}"
BSI-DSZ-CC-0606-2010,DE,set()
ANSSI-CC-2010/24,FR,{'ANSSI-CC-2010/23'}
ANSSI-CC-2010/23,FR,{'ANSSI-CC-2010/24'}
BSI-DSZ-CC-0658-2010,DE,"{'BSI-DSZ-CC-0410-2007', 'BSI-DSZ-CC-0417-2008'}"
BSI-DSZ-CC-0639-2010,DE,set()
BSI-DSZ-CC-0612-2010,DE,{'BSI-DSZ-CC-0465-2008'}
ANSSI-CC-2010/52,FR,"{'BSI-DSZ-CC-0411-2007', 'ANSSI-CC-2009/56'}"
BSI-DSZ-CC-0640-2010,DE,set()
BSI-DSZ-CC-0645-2010,DE,set()
ANSSI-CC-2010/50,FR,{'ANSSI-CC-2010/49'}
ANSSI-CC-2010/49,FR,set()
ANSSI-CC-2010/40,FR,{'BSI-DSZ-CC-0555-2009'}
ANSSI-CC-2010/37,FR,"{'ANSSI-CC-2009/48', 'ANSSI-CC-2009/47', 'ANSSI-CC-2009/46', 'ANSSI-CC-2009/36'}"
ANSSI-CC-2010/38,FR,"{'ANSSI-CC-2009/48', 'ANSSI-CC-2009/47', 'ANSSI-CC-2009/46', 'ANSSI-CC-2009/36'}"
BSI-DSZ-CC-0608-2010,DE,{'BSI-DSZ-CC-0410-2007'}
BSI-DSZ-CC-0629-2010,DE,{'BSI-DSZ-CC-0266-2005'}
BSI-DSZ-CC-0603-2010,DE,"{'BSI-DSZ-CC-0410-2007', 'BSI-DSZ-CC-0417-2008'}"
ANSSI-CC-2010/35,FR,"{'ANSSI-CC-2010/02', 'ANSSI-CC-2010/21'}"
ANSSI-CC-2010/33,FR,"{'ANSSI-CC-2010/02', 'ANSSI-CC-2010/18'}"
ANSSI-CC-2010/32,FR,"{'ANSSI-CC-2010/17', 'ANSSI-CC-2010/02', 'ANSSI-CC-2010/33'}"
ANSSI-CC-2010/31,FR,"{'ANSSI-CC-2009/60', 'ANSSI-CC-2010/02'}"
ANSSI-CC-2010/30,FR,"{'ANSSI-CC-2010/31', 'ANSSI-CC-2010/02', 'ANSSI-CC-2009/61'}"
ANSSI-CC-2010/29,FR,"{'ANSSI-CC-2009/60', 'ANSSI-CC-2010/02'}"
ANSSI-CC-2010/28,FR,"{'ANSSI-CC-2010/29', 'ANSSI-CC-2010/02', 'ANSSI-CC-2009/61'}"
ANSSI-CC-2010/27,FR,"{'ANSSI-CC-2009/48', 'ANSSI-CC-2010/36'}"
ANSSI-CC-2010/25,FR,{'ANSSI-CC-2009/36'}
ANSSI-CC-2010/26,FR,"{'ANSSI-CC-2009/46', 'ANSSI-CC-2009/36'}"
ANSSI-CC-2010/12,FR,"{'ANSSI-CC-2008/05', 'ANSSI-CC-2010/11'}"
ANSSI-CC-2010/11,FR,{'ANSSI-CC-2008/03'}
ANSSI-CC-2009/63,FR,"{'ANSSI-CC-2009/40', 'ANSSI-CC-2009/39'}"
ANSSI-CC-2010/04,FR,{'ANSSI-CC-2009/27'}
ANSSI-CC-2010/03,FR,set()
ANSSI-CC-2010/22,FR,"{'ANSSI-CC-2010/02', 'ANSSI-CC-2010/19'}"
ANSSI-CC-2010/21,FR,{'ANSSI-CC-2010/02'}
ANSSI-CC-2010/20,FR,{'ANSSI-CC-2010/02'}
ANSSI-CC-2010/19,FR,{'ANSSI-CC-2010/02'}
ANSSI-CC-2010/18,FR,"{'ANSSI-CC-2009/60', 'ANSSI-CC-2010/02'}"
ANSSI-CC-2010/17,FR,"{'ANSSI-CC-2010/02', 'ANSSI-CC-2009/61'}"
BSI-DSZ-CC-0635-2010,DE,"{'BSI-DSZ-CC-0410-2007', 'BSI-DSZ-CC-0417-2008'}"
ANSSI-CC-2010/06,FR,"{'ANSSI-CC-2009/17', 'BSI-DSZ-CC-0482-2008'}"
BSI-DSZ-CC-0529-2010,DE,{'BSI-DSZ-CC-0489-2008'}
KECS-ISIS-0222-2010,KR,"{'BSI-DSZ-CC-0438-2007', 'BSI-DSZ-CC-0400-2007', 'BSI-DSZ-CC-0501-2008'}"
BSI-DSZ-CC-0604-2010,DE,"{'BSI-DSZ-CC-0410-2007', 'BSI-DSZ-CC-0417-2008'}"
BSI-DSZ-CC-0673-2010,DE,"{'BSI-DSZ-CC-0410-2007', 'BSI-DSZ-CC-0417-2008'}"
ANSSI-CC-2010/08,FR,set()
ANSSI-CC-2009/62,FR,"{'ANSSI-CC-2009/51', 'ANSSI-CC-2009/50'}"
ANSSI-CC-2009/56,FR,set()
ANSSI-CC-2010/02,FR,"{'ANSSI-CC-2009/51', 'ANSSI-CC-2010/01', 'ANSSI-CC-2009/62'}"
ANSSI-CC-2010/01,FR,"{'ANSSI-CC-2010/02', 'ANSSI-CC-2009/50'}"
BSI-DSZ-CC-0624-2010,DE,set()
ANSSI-CC-2009/35,FR,{'ANSSI-CC-2009/34'}
ANSSI-CC-2009/59,FR,"{'ANSSI-CC-2008/05', 'ANSSI-CC-2009/11', 'ANSSI-CC-2009/41'}"
ANSSI-CC-2010/05,FR,"{'ANSSI-CC-2008/05', 'ANSSI-CC-2009/11'}"
BSI-DSZ-CC-0663-2009,DE,{'BSI-DSZ-CC-0628-2009'}
ANSSI-CC-2009/61,FR,{'ANSSI-CC-2009/28'}
ANSSI-CC-2009/60,FR,{'ANSSI-CC-2009/28'}
ANSSI-CC-2009/43,FR,{'ANSSI-CC-2008/17'}
BSI-DSZ-CC-0537-2009,DE,"{'BSI-DSZ-CC-0411-2007', 'BSI-DSZ-CC-0410-2007', 'BSI-DSZ-CC-0404-2007'}"
ANSSI-CC-2009/51,FR,"{'ANSSI-CC-2009/50', 'ANSSI-CC-2009/28', 'ANSSI-CC-2009/26', 'ANSSI-CC-2009/05', 'ANSSI-CC-2009/06'}"
ANSSI-CC-2009/50,FR,"{'ANSSI-CC-2009/26', 'ANSSI-CC-2009/05'}"
BSI-DSZ-CC-0628-2009,DE,{'BSI-DSZ-CC-0266-2005'}
ANSSI-CC-2009/27,FR,"{'ANSSI-CC-2009/05', 'ANSSI-CC-2009/06'}"
ANSSI-CC-2009/28,FR,"{'ANSSI-CC-2009/05', 'ANSSI-CC-2009/06'}"
ANSSI-CC-2009/26,FR,"{'ANSSI-CC-2009/05', 'ANSSI-CC-2009/06'}"
BSI-DSZ-CC-0602-2009,DE,"{'BSI-DSZ-CC-0410-2007', 'BSI-DSZ-CC-0417-2008'}"
ANSSI-CC-2009/46,FR,"{'ANSSI-CC-2009/11', 'BSI-DSZ-CC-0421-2008'}"
ANSSI-CC-2009/47,FR,set()
ANSSI-CC-2009/36,FR,set()
BSI-DSZ-CC-0626-2009,DE,{'BSI-DSZ-CC-0266-2005'}
BSI-DSZ-CC-0627-2009,DE,{'BSI-DSZ-CC-0266-2005'}
BSI-DSZ-CC-0498-2009,DE,{'BSI-DSZ-CC-0399-2007'}
BSI-DSZ-CC-0555-2009,DE,set()
ANSSI-CC-2009/34,FR,set()
ANSSI-CC-2009/40,FR,set()
ANSSI-CC-2009/38,FR,set()
ANSSI-CC-2009/39,FR,{'ANSSI-CC-2009/37'}
ANSSI-CC-2009/37,FR,set()
ANSSI-CC-2009/33,FR,{'ANSSI-CC-2006/20'}
BSI-DSZ-CC-0634-2009,DE,{'BSI-DSZ-CC-0410-2007'}
BSI-DSZ-CC-0425-2009,DE,{'BSI-DSZ-CC-0437-2008'}
ANSSI-CC-2009/41,FR,"{'ANSSI-CC-2009/04', 'ANSSI-CC-2008/05', 'ANSSI-CC-2009/11'}"
BSI-DSZ-CC-0575-2009,DE,"{'BSI-DSZ-CC-0410-2007', 'BSI-DSZ-CC-0417-2008'}"
ANSSI-CC-2009/24,FR,{'ANSSI-CC-2009/22'}
ANSSI-CC-2009/22,FR,{'ANSSI-CC-2009/10'}
ANSSI-CC-2009/23,FR,{'ANSSI-CC-2009/10'}
BSI-DSZ-CC-0567-2009,DE,{'BSI-DSZ-CC-0410-2007'}
C0229,JP,{'BSI-DSZ-CC-0399-2007'}
ANSSI-CC-2009/17,FR,"{'ANSSI-CC-2008/45', 'BSI-DSZ-CC-0482-2008'}"
ANSSI-CC-2009/20,FR,"{'BSI-DSZ-CC-0411-2007', 'BSI-DSZ-CC-0410-2007', 'BSI-DSZ-CC-0404-2007'}"
ANSSI-CC-2009/19,FR,"{'BSI-DSZ-CC-0411-2007', 'BSI-DSZ-CC-0410-2007', 'BSI-DSZ-CC-0404-2007'}"
ANSSI-CC-2009/11,FR,set()
BSI-DSZ-CC-0576-2009,DE,{'BSI-DSZ-CC-0482-2008'}
NSCIB-CC-09-10991-CR,NL,{'BSI-DSZ-CC-0351-2006'}
BSI-DSZ-CC-0584-2009,DE,{'BSI-DSZ-CC-0583-2009'}
ANSSI-CC-2009/10,FR,{'ANSSI-CC-2008/10'}
BSI-DSZ-CC-0391-2009,DE,{'BSI-DSZ-CC-0411-2007'}
BSI-DSZ-CC-0533-2009,DE,{'BSI-DSZ-CC-0410-2007'}
BSI-DSZ-CC-0583-2009,DE,set()
ANSSI-CC-2009/07,FR,"{'ANSSI-CC-2008/45', 'BSI-DSZ-CC-0451-2007'}"
ANSSI-CC-2009/08,FR,"{'ANSSI-CC-2008/45', 'BSI-DSZ-CC-0451-2007'}"
ANSSI-CC-2009/03,FR,"{'BSI-DSZ-CC-0411-2007', 'ANSSI-CC-2008/45', 'BSI-DSZ-CC-0410-2007'}"
ANSSI-CC-2009/04,FR,"{'ANSSI-CC-2008/05', 'ANSSI-CC-2008/22'}"
ANSSI-CC-2009/05,FR,set()
ANSSI-CC-2009/06,FR,set()
BSI-DSZ-CC-0515-2009,DE,"{'BSI-DSZ-CC-0410-2007', 'BSI-DSZ-CC-0417-2008'}"
ANSSI-CC-2008/45,FR,"{'BSI-DSZ-CC-0411-2007', 'BSI-DSZ-CC-0410-2007', 'ANSSI-CC-2008/28'}"
BSI-DSZ-CC-0571-2008,DE,{'BSI-DSZ-CC-0410-2007'}
BSI-DSZ-CC-0457-2008,DE,{'BSI-DSZ-CC-0399-2007'}
BSI-DSZ-CC-0568-2008,DE,{'BSI-DSZ-CC-0482-2008'}
BSI-DSZ-CC-0421-2008,DE,set()
BSI-DSZ-CC-0550-2008,DE,{'BSI-DSZ-CC-0465-2008'}
BSI-DSZ-CC-0549-2008,DE,{'BSI-DSZ-CC-0464-2008'}
BSI-DSZ-CC-0572-2008,DE,"{'BSI-DSZ-CC-0266-2005', 'BSI-DSZ-CC-0322-2005'}"
BSI-DSZ-CC-0523-2008,DE,"{'BSI-DSZ-CC-0266-2005', 'BSI-DSZ-CC-0430-2008'}"
ANSSI-CC-2008/37,FR,"{'BSI-DSZ-CC-0269-2006', 'BSI-DSZ-CC-0376-2006'}"
2006-1-INF-311,ES,{'BSI-DSZ-CC-0344-2005'}
BSI-DSZ-CC-0522-2008,DE,{'BSI-DSZ-CC-0410-2007'}
KECS-ISIS-0118-2008,KR,{'BSI-DSZ-CC-0482-2008'}
BSI-DSZ-CC-0521-2008,DE,{'BSI-DSZ-CC-0410-2007'}
BSI-DSZ-CC-0489-2008,DE,set()
ANSSI-CC-2008/31,FR,{'ANSSI-CC-2008/29'}
ANSSI-CC-2008/29,FR,set()
BSI-DSZ-CC-0538-2008,DE,"{'BSI-DSZ-CC-0266-2005', 'BSI-DSZ-CC-0322-2005'}"
ANSSI-CC-2008/28,FR,"{'BSI-DSZ-CC-0411-2007', 'BSI-DSZ-CC-0410-2007'}"
BSI-DSZ-CC-0528-2008,DE,{'BSI-DSZ-CC-0482-2008'}
BSI-DSZ-CC-0527-2008,DE,{'BSI-DSZ-CC-0410-2007'}
ANSSI-CC-2008/22,FR,"{'ANSSI-CC-2008/05', 'ANSSI-CC-2007/22'}"
ANSSI-CC-2008/23,FR,{'ANSSI-CC-2007/23'}
BSI-DSZ-CC-0479-2008,DE,{'BSI-DSZ-CC-0410-2007'}
BSI-DSZ-CC-0440-2008,DE,{'BSI-DSZ-CC-0411-2007'}
BSI-DSZ-CC-0501-2008,DE,set()
ANSSI-CC-2008/18,FR,"{'ANSSI-CC-2008/15', 'ANSSI-CC-2007/14'}"
BSI-DSZ-CC-0532-2008,DE,{'BSI-DSZ-CC-0410-2007'}
BSI-DSZ-CC-0439-2008,DE,{'BSI-DSZ-CC-0404-2007'}
BSI-DSZ-CC-0466-2008,DE,set()
ANSSI-CC-2008/17,FR,{'BSI-DSZ-CC-0400-2007'}
BSI-DSZ-CC-0465-2008,DE,set()
BSI-DSZ-CC-0464-2008,DE,set()
BSI-DSZ-CC-0417-2008,DE,{'BSI-DSZ-CC-0410-2007'}
ANSSI-CC-2008/16,FR,"{'ANSSI-CC-2008/05', 'ANSSI-CC-2008/12'}"
BSI-DSZ-CC-0506-2008,DE,{'BSI-DSZ-CC-0410-2007'}
BSI-DSZ-CC-0507-2008,DE,{'BSI-DSZ-CC-0399-2007'}
BSI-DSZ-CC-0437-2008,DE,{'BSI-DSZ-CC-0322-2005'}
BSI-DSZ-CC-0482-2008,DE,{'BSI-DSZ-CC-0266-2005'}
ANSSI-CC-2008/12,FR,{'BSI-DSZ-CC-0410-2007'}
ANSSI-CC-2008/15,FR,set()
ANSSI-CC-2008/14,FR,{'BSI-DSZ-CC-0410-2007'}
ANSSI-CC-2008/13,FR,{'BSI-DSZ-CC-0410-2007'}
BSI-DSZ-CC-0430-2008,DE,"{'BSI-DSZ-CC-0266-2005', 'BSI-DSZ-CC-0322-2005'}"
BSI-DSZ-CC-0518-2008,DE,{'BSI-DSZ-CC-0410-2007'}
ANSSI-CC-2008/10,FR,set()
BSI-DSZ-CC-0463-2008,DE,{'BSI-DSZ-CC-0410-2007'}
ANSSI-CC-2008/05,FR,{'ANSSI-CC-2008/03'}
ANSSI-CC-2008/03,FR,set()
ANSSI-CC-2008/01,FR,set()
ANSSI-CC-2008/02,FR,{'ANSSI-CC-2008/01'}
BSI-DSZ-CC-0447-2008,DE,{'BSI-DSZ-CC-0399-2007'}
BSI-DSZ-CC-0467-2008,DE,{'BSI-DSZ-CC-0312-2005'}
BSI-DSZ-CC-0406-2007,DE,{'BSI-DSZ-CC-0322-2005'}
ANSSI-CC-2007/23,FR,set()
BSI-DSZ-CC-0476-2007,DE,"{'BSI-DSZ-CC-0266-2005', 'BSI-DSZ-CC-0315-2005'}"
ANSSI-CC-2007/20,FR,"{'BSI-DSZ-CC-0322-2005', 'ANSSI-CC-2006/08'}"
ANSSI-CC-2007/22,FR,set()
BSI-DSZ-CC-0446-2007,DE,{'BSI-DSZ-CC-0410-2007'}
ANSSI-CC-2007/17,FR,{'ANSSI-CC-2005/20'}
ANSSI-CC-2007/18,FR,"{'BSI-DSZ-CC-0296-2006', 'BSI-DSZ-CC-0293-2005'}"
ANSSI-CC-2007/19,FR,"{'BSI-DSZ-CC-0269-2006', 'ANSSI-CC-2007/08'}"
BSI-DSZ-CC-0451-2007,DE,set()
BSI-DSZ-CC-0431-2007,DE,"{'BSI-DSZ-CC-0266-2005', 'BSI-DSZ-CC-0322-2005'}"
ANSSI-CC-2007/16,FR,{'BSI-DSZ-CC-0348-2006'}
BSI-DSZ-CC-0426-2007,DE,{'BSI-DSZ-CC-0348-2006'}
BSI-DSZ-CC-0390-2007,DE,{'BSI-DSZ-CC-0293-2005'}
BSI-DSZ-CC-0445-2007,DE,"{'BSI-DSZ-CC-0362-2006', 'BSI-DSZ-CC-0349-2006'}"
BSI-DSZ-CC-0429-2007,DE,{'BSI-DSZ-CC-0312-2005'}
BSI-DSZ-CC-0404-2007,DE,set()
BSI-DSZ-CC-0410-2007,DE,set()
BSI-DSZ-CC-0411-2007,DE,set()
ANSSI-CC-2007/14,FR,set()
BSI-DSZ-CC-0375-2007,DE,"{'BSI-DSZ-CC-0348-2006', 'BSI-DSZ-CC-0349-2006', 'BSI-DSZ-CC-0312-2005'}"
BSI-DSZ-CC-0392-2007,DE,{'BSI-DSZ-CC-0293-2005'}
ANSSI-CC-2007/08,FR,{'BSI-DSZ-CC-0269-2006'}
BSI-DSZ-CC-0438-2007,DE,{'BSI-DSZ-CC-0400-2007'}
BSI-DSZ-CC-0400-2007,DE,set()
BSI-DSZ-CC-0384-2007,DE,{'BSI-DSZ-CC-0349-2006'}
ANSSI-CC-2007/02,FR,{'BSI-DSZ-CC-0348-2006'}
BSI-DSZ-CC-0399-2007,DE,"{'BSI-DSZ-CC-0266-2005', 'BSI-DSZ-CC-0322-2005'}"
BSI-DSZ-CC-0281-2005,DE,{'BSI-DSZ-CC-0315-2005'}
BSI-DSZ-CC-0348-2006,DE,set()
BSI-DSZ-CC-0349-2006,DE,"{'BSI-DSZ-CC-0227-2004', 'BSI-DSZ-CC-0348-2006', 'BSI-DSZ-CC-0312-2005'}"
BSI-DSZ-CC-0243-2004,DE,"{'BSI-DSZ-CC-0203-2003', 'BSI-DSZ-CC-0205-2003'}"
BSI-DSZ-CC-0362-2006,DE,{'BSI-DSZ-CC-0349-2006'}
ANSSI-CC-2006/30,FR,set()
ANSSI-CC-2006/28,FR,{'BSI-DSZ-CC-0349-2006'}
ANSSI-CC-2006/23,FR,{'BSI-DSZ-CC-0349-2006'}
ANSSI-CC-2006/19,FR,{'ANSSI-CC-2005/20'}
ANSSI-CC-2006/20,FR,{'ANSSI-CC-2005/20'}
BSI-DSZ-CC-0355-2006,DE,{'BSI-DSZ-CC-0245-2005'}
ANSSI-CC-2006/13,FR,{'BSI-DSZ-CC-0348-2006'}
BSI-DSZ-CC-0351-2006,DE,set()
ANSSI-CC-2006/14,FR,{'ANSSI-CC-2005/45'}
BSI-DSZ-CC-0358-2006,DE,{'BSI-DSZ-CC-0368-2006'}
BSI-DSZ-CC-0294-2006,DE,{'BSI-DSZ-CC-0348-2006'}
BSI-DSZ-CC-0313-2006,DE,{'BSI-DSZ-CC-0312-2005'}
BSI-DSZ-CC-0376-2006,DE,set()
BSI-DSZ-CC-0360-2006,DE,{'BSI-DSZ-CC-0231-2004'}
BSI-DSZ-CC-0361-2006,DE,{'BSI-DSZ-CC-0360-2006'}
BSI-DSZ-CC-0379-2006,DE,set()
ANSSI-CC-2006/08,FR,{'BSI-DSZ-CC-0322-2005'}
ANSSI-CC-2006/02,FR,{'ANSSI-CC-2005/39'}
BSI-DSZ-CC-0329-2006,DE,set()
BSI-DSZ-CC-0269-2006,DE,set()
BSI-DSZ-CC-0368-2006,DE,{'BSI-DSZ-CC-0293-2005'}
BSI-DSZ-CC-0296-2006,DE,{'BSI-DSZ-CC-0293-2005'}
2004-3-INF-71_,ES,{'BSI-DSZ-CC-0223-2003'}
BSI-DSZ-CC-0346-2006,DE,"{'BSI-DSZ-CC-0293-2005', 'BSI-DSZ-CC-0220-2004', 'BSI-DSZ-CC-0347-2006'}"
BSI-DSZ-CC-0347-2006,DE,"{'BSI-DSZ-CC-0293-2005', 'BSI-DSZ-CC-0346-2006'}"
ANSSI-CC-2005/49,FR,"{'ANSSI-CC-2005/20', 'ANSSI-CC-2005/05'}"
ANSSI-CC-2005/52,FR,{'BSI-DSZ-CC-0338-2005'}
ANSSI-CC-2005/45,FR,"{'ANSSI-CC-2005/21', 'ANSSI-CC-2005/03'}"
ANSSI-CC-2005/43,FR,{'ANSSI-CC-2005/20'}
ANSSI-CC-2005/42,FR,"{'BSI-DSZ-CC-0227-2004', 'ANSSI-CC-2002/05'}"
BSI-DSZ-CC-0316-2005,DE,"{'BSI-DSZ-CC-0338-2005', 'BSI-DSZ-CC-0312-2005'}"
ANSSI-CC-2005/40,FR,"{'ANSSI-CC-2005/39', 'ANSSI-CC-2003/18'}"
ANSSI-CC-2005/41,FR,"{'ANSSI-CC-2005/39', 'ANSSI-CC-2003/18'}"
ANSSI-CC-2005/39,FR,{'ANSSI-CC-2003/18'}
BSI-DSZ-CC-0344-2005,DE,set()
BSI-DSZ-CC-0338-2005,DE,set()
BSI-DSZ-CC-0312-2005,DE,set()
BSI-DSZ-CC-0245-2005,DE,set()
BSI-DSZ-CC-0322-2005,DE,set()
ANSSI-CC-2005/21,FR,set()
BSI-DSZ-CC-0293-2005,DE,set()
BSI-DSZ-CC-0315-2005,DE,set()
ANSSI-CC-2005/20,FR,set()
BSI-DSZ-CC-0266-2005,DE,set()
ANSSI-CC-2005/10,FR,{'ANSSI-CC-2004/26'}
ANSSI-CC-2005/05,FR,"{'ANSSI-CC-2004/05', 'ANSSI-CC-2003/28', 'ANSSI-CC-2003/11'}"
ANSSI-CC-2005/04,FR,{'ANSSI-CC-2004/31'}
ANSSI-CC-2005/03,FR,{'ANSSI-CC-2004/36'}
ANSSI-CC-2004/36,FR,{'ANSSI-CC-2004/05'}
ANSSI-CC-2004/35,FR,"{'ANSSI-CC-2004/05', 'ANSSI-CC-2003/28', 'ANSSI-CC-2003/11'}"
ANSSI-CC-2004/32,FR,{'ANSSI-CC-2003/18'}
ANSSI-CC-2004/22,FR,{'ANSSI-CC-2002/03'}
BSI-DSZ-CC-0244-2004,DE,"{'BSI-DSZ-CC-0231-2004', 'BSI-DSZ-CC-0232-2004'}"
ANSSI-CC-2004/31,FR,{'ANSSI-CC-2003/18'}
BSI-DSZ-CC-0227-2004,DE,set()
BSI-DSZ-CC-0232-2004,DE,set()
BSI-DSZ-CC-0231-2004,DE,set()
ANSSI-CC-2003/18,FR,set()
ANSSI-CC-2004/26,FR,set()
ANSSI-CC-2004/08,FR,{'ANSSI-CC-2002/25'}
ANSSI-CC-2004/06,FR,{'ANSSI-CC-2002/25'}
ANSSI-CC-2004/07,FR,{'ANSSI-CC-2002/25'}
BSI-DSZ-CC-0267-2004,DE,"{'BSI-DSZ-CC-0203-2003', 'BSI-DSZ-CC-0205-2003'}"
BSI-DSZ-CC-0242-2004,DE,{'BSI-DSZ-CC-0223-2003'}
ANSSI-CC-2004/05,FR,"{'ANSSI-CC-2003/28', 'ANSSI-CC-2003/11'}"
ANSSI-CC-2003/28,FR,{'ANSSI-CC-2003/11'}
ANSSI-CC-2003/14,FR,{'BSI-DSZ-CC-0223-2003'}
ANSSI-CC-2003/20,FR,"{'ANSSI-CC-2002/24', 'ANSSI-CC-2003/11'}"
BSI-DSZ-CC-0223-2003,DE,set()
ANSSI-CC-2003/11,FR,{'ANSSI-CC-2002/24'}
BSI-DSZ-CC-0205-2003,DE,{'BSI-DSZ-CC-0203-2003'}
BSI-DSZ-CC-0203-2003,DE,set()
BSI-DSZ-CC-0169-2002,DE,set()
BSI-DSZ-CC-0170-2002,DE,set()
ANSSI-CC-2002/03,FR,set()
ANSSI-CC-2002/24,FR,set()
ANSSI-CC-2002/05,FR,set()
ANSSI-CC-2002/04,FR,{'BSI-DSZ-CC-0170-2002'}
ANSSI-CC-2002/12,FR,{'BSI-DSZ-CC-0169-2002'}
ANSSI-CC-2002/07,FR,{'BSI-DSZ-CC-0169-2002'}
ANSSI-CC-2002/25,FR,set()
ANSSI-CC-2001/05,FR,{'ANSSI-CC-2001/04'}
ANSSI-CC-2001/10,FR,{'ANSSI-CC-2000/12'}
ANSSI-CC-2001/18,FR,{'ANSSI-CC-2000/12'}
ANSSI-CC-2001/04,FR,{'ANSSI-CC-2000/13'}
ANSSI-CC-2000/12,FR,set()
ANSSI-CC-2000/13,FR,set()
ANSSI-CC-2012/81,FR,{'ANSSI-CC-2009/56'}
383-4-335,CA,{'383-4-335'}
ANSSI-CC-2016/56,FR,{'ANSSI-CC-2016/55'}
ANSSI-CC-2016/55,FR,set()
CCEVS-VR-VID10716-2016,US,{'2016-36-INF-1779'}
ANSSI-CC-2014/72,FR,{'ANSSI-CC-2014/70'}
ANSSI-CC-2014/70,FR,set()
383-4-174,CA,{'383-4-175'}
383-4-175,CA,set()
CRP248,UK,{'CRP237'}
CRP237,UK,set()
383-4-15,CA,{'CCEVS-VR-0025-2002'}
BSI-DSZ-CC-1029-2017,DE,set()
2016-36-INF-1779,ES,set()
BSI-DSZ-CC-0999-2016,DE,set()
BSI-DSZ-CC-0875-2015,DE,{'BSI-DSZ-CC-0874-2014'}
CCEVS-VR-VID10520-2015,US,{'CCEVS-VR-VID-10540-2014'}
BSI-DSZ-CC-0874-2014,DE,set()
BSI-DSZ-CC-0788-2012,DE,set()
BSI-DSZ-CC-0460-2008,DE,{'BSI-DSZ-CC-0472-2008'}
BSI-DSZ-CC-0481-2008,DE,set()
BSI-DSZ-CC-0472-2008,DE,set()
CCEVS-VR-VID10293-2008,US,{'CCEVS-VR-0094-2005'}
CRP242,UK,{'CCEVS-VR-0094-2005'}
BSI-DSZ-CC-0468-2007,DE,set()
BSI-DSZ-CC-0247-2005,DE,set()
383-4-26,CA,set()
BSI-DSZ-CC-0257-2004,DE,set()
BSI-DSZ-CC-0238-2004,DE,"{'BSI-DSZ-CC-0178-2003', 'BSI-DSZ-CC-0213-2003'}"
BSI-DSZ-CC-0234-2004,DE,set()
BSI-DSZ-CC-0214-2003,DE,"{'BSI-DSZ-CC-0179-2003', 'BSI-DSZ-CC-0178-2003', 'BSI-DSZ-CC-0213-2003'}"
BSI-DSZ-CC-0213-2003,DE,{'BSI-DSZ-CC-0178-2003'}
CRP182,UK,set()
BSI-DSZ-CC-0178-2003,DE,set()
BSI-DSZ-CC-0179-2003,DE,set()
BSI-DSZ-CC-0928-2018,DE,set()
BSI-DSZ-CC-1055-2018,DE,{'BSI-DSZ-CC-0891-V3-2018'}
BSI-DSZ-CC-0950-V2-2018,DE,{'BSI-DSZ-CC-0916-2015'}
BSI-DSZ-CC-0825-2017,DE,{'NSCIB-CC-13-37761-CR2'}
BSI-DSZ-CC-0980-2017,DE,{'BSI-DSZ-CC-0891-V2-2016'}
BSI-DSZ-CC-0950-2017,DE,{'BSI-DSZ-CC-0916-2015'}
ANSSI-CC-2016/07,FR,{'ANSSI-CC-2010/56'}
BSI-DSZ-CC-0936-2015,DE,{'BSI-DSZ-CC-0632-2011'}
BSI-DSZ-CC-0889-2013,DE,{'BSI-DSZ-CC-0782-2012'}
BSI-DSZ-CC-0878-2013,DE,{'BSI-DSZ-CC-0632-2011'}
BSI-DSZ-CC-0764-2012,DE,"{'BSI-DSZ-CC-0727-2011', 'BSI-DSZ-CC-0813-2012'}"
CCEVS-VR-VID10258-2011,US,{'CCEVS-VR-VID-10256-2012'}
BSI-DSZ-CC-0726-2012,DE,{'BSI-DSZ-CC-0727-2011'}
BSI-DSZ-CC-0661-2011,DE,"{'BSI-DSZ-CC-0465-2008', 'BSI-DSZ-CC-0612-2010'}"
SERTIT-015,NO,{'SERTIT-006'}
SERTIT-012,NO,{'SERTIT-003'}
CRP250,UK,"{'CRP244', 'BSI-DSZ-CC-0403-2008', 'BSI-DSZ-CC-0468-2007'}"
BSI-DSZ-CC-0474-2008,DE,{'ANSSI-CC-2006/20'}
SERTIT-006,NO,set()
BSI-DSZ-CC-0202-2005,DE,{'ANSSI-CC-2004/26'}
BSI-DSZ-CC-0220-2004,DE,{'BSI-DSZ-CC-0232-2004'}
SERTIT-003,NO,set()
OCSI/CERT/SYS/04/2018/RC,IT,"{'NSCIB-CC-16-99111-CR2', 'OCSI/CERT/SYS/11/2016/RC'}"
BSI-DSZ-CC-1024-2018,DE,"{'BSI-DSZ-CC-0973-V2-2016', 'BSI-DSZ-CC-0973-2016'}"
BSI-DSZ-CC-1001-2018,DE,"{'BSI-DSZ-CC-0995-2018', 'BSI-DSZ-CC-0973-V2-2016', 'BSI-DSZ-CC-0996-2018'}"
OCSI/CERT/IMQ/07/2017/RC,IT,{'OCSI/CERT/IMQ/04/2016/RC'}
OCSI/CERT/SYS/11/2016/RC,IT,"{'NSCIB-CC-16-99111-CR', 'NSCIB-CC-16-99111-CR2'}"
OCSI/CERT/IMQ/04/2016/RC,IT,{'OCSI/CERT/IMQ/03/2015/RC'}
ANSSI-CC-2016/10,FR,{'ANSSI-CC-2016/09'}
ANSSI-CC-2016/09,FR,set()
OCSI/CERT/RES/02/2012/RC,IT,set()
OCSI/CERT/IMQ/03/2015/RC,IT,set()
21.0.01/TSE-CCCS-29,TR,{'BSI-DSZ-CC-0633-2010'}
BSI-DSZ-CC-0914-2014,DE,"{'BSI-DSZ-CC-0750-V2-2014', 'BSI-DSZ-CC-0911-2014', 'NSCIB-CC-13-37760-CR2', 'BSI-DSZ-CC-0912-2014', 'BSI-DSZ-CC-0858-2013', 'BSI-DSZ-CC-0913-2014'}"
BSI-DSZ-CC-0821-2014,DE,"{'BSI-DSZ-CC-0857-2013', 'NSCIB-CC-13-37761-CR2', 'BSI-DSZ-CC-0633-V2-2014'}"
BSI-DSZ-CC-0921-2014,DE,{'BSI-DSZ-CC-0782-2012'}
NSCIB-CC-12-36718-CR,NL,{'NSCIB-CC-07-09219-CR'}
BSI-DSZ-CC-0833-2013,DE,{'BSI-DSZ-CC-0758-2012'}
BSI-DSZ-CC-0880-2013,DE,{'BSI-DSZ-CC-0813-2012'}
BSI-DSZ-CC-0804-2012,DE,"{'BSI-DSZ-CC-0674-2011', 'BSI-DSZ-CC-0797-2012', 'BSI-DSZ-CC-0798-2012', 'BSI-DSZ-CC-0404-2007', 'BSI-DSZ-CC-0730-2011', 'BSI-DSZ-CC-0709-2010', 'BSI-DSZ-CC-0710-2010', 'BSI-DSZ-CC-0799-2012', 'BSI-DSZ-CC-0633-2010', 'BSI-DSZ-CC-0555-2009', 'BSI-DSZ-CC-0675-2011', 'BSI-DSZ-CC-0410-2007'}"
BSI-DSZ-CC-0769-2012,DE,{'BSI-DSZ-CC-0813-2012'}
BSI-DSZ-CC-0694-2012,DE,"{'BSI-DSZ-CC-0709-2010', 'BSI-DSZ-CC-0608-2010'}"
BSI-DSZ-CC-0732-2011,DE,"{'BSI-DSZ-CC-0640-2010', 'BSI-DSZ-CC-0677-2010'}"
BSI-DSZ-CC-0665-2010,DE,{'BSI-DSZ-CC-0482-2008'}
BSI-DSZ-CC-0667-2010,DE,{'BSI-DSZ-CC-0437-2008'}
BSI-DSZ-CC-0668-2010,DE,{'BSI-DSZ-CC-0437-2008'}
BSI-DSZ-CC-0648-2010,DE,{'BSI-DSZ-CC-0322-2005'}
BSI-DSZ-CC-0601-2010,DE,{'BSI-DSZ-CC-0466-2008'}
NSCIB-CC-07-09219-CR,NL,set()
BSI-DSZ-CC-0449-2009,DE,{'BSI-DSZ-CC-0421-2008'}
BSI-DSZ-CC-0582-2009,DE,{'BSI-DSZ-CC-0410-2007'}
BSI-DSZ-CC-0495-2009,DE,{'BSI-DSZ-CC-0322-2005'}
BSI-DSZ-CC-0456-2009,DE,{'BSI-DSZ-CC-0322-2005'}
BSI-DSZ-CC-0407-2008,DE,"{'BSI-DSZ-CC-0406-2007', 'BSI-DSZ-CC-0322-2005'}"
BSI-DSZ-CC-0386-2006,DE,{'BSI-DSZ-CC-0379-2006'}
BSI-DSZ-CC-0341-2006,DE,{'BSI-DSZ-CC-0329-2006'}
ANSSI-CC-2019/30,FR,"{'ANSSI-CC-2017/75', 'ANSSI-CC-2018/61'}"
ANSSI-CC-2018/61,FR,set()
ANSSI-CC-2018/30,FR,set()
ANSSI-CC-2018/39,FR,"{'ANSSI-CC-2017/38', 'ANSSI-CC-2015/36'}"
ANSSI-CC-2017/75,FR,set()
ANSSI-CC-2017/55,FR,{'ANSSI-CC-2016/15'}
ANSSI-CC-2017/40,FR,"{'ANSSI-CC-2016/44', 'ANSSI-CC-2016/43', 'ANSSI-CC-2015/36'}"
ANSSI-CC-2017/38,FR,"{'ANSSI-CC-2016/44', 'ANSSI-CC-2016/77', 'ANSSI-CC-2016/43', 'ANSSI-CC-2015/36'}"
ANSSI-CC-2017/39,FR,"{'ANSSI-CC-2016/44', 'ANSSI-CC-2016/43', 'ANSSI-CC-2015/36', 'ANSSI-CC-2016/78'}"
ANSSI-CC-2016/79,FR,"{'ANSSI-CC-2015/80', 'ANSSI-CC-2016/43', 'ANSSI-CC-2015/36', 'ANSSI-CC-2016/44'}"
ANSSI-CC-2016/77,FR,"{'ANSSI-CC-2015/80', 'ANSSI-CC-2016/43', 'ANSSI-CC-2015/36', 'ANSSI-CC-2016/44'}"
ANSSI-CC-2016/78,FR,"{'ANSSI-CC-2015/80', 'ANSSI-CC-2016/43', 'ANSSI-CC-2015/36', 'ANSSI-CC-2016/44'}"
BSI-DSZ-CC-1021-2016,DE,{'BSI-DSZ-CC-0958-2015'}
ANSSI-CC-2016/15,FR,set()
ANSSI-CC-2016/44,FR,"{'ANSSI-CC-2015/80', 'ANSSI-CC-2015/36'}"
ANSSI-CC-2016/43,FR,"{'ANSSI-CC-2016/33', 'ANSSI-CC-2015/80', 'ANSSI-CC-2015/36'}"
ANSSI-CC-2016/33,FR,"{'ANSSI-CC-2015/80', 'ANSSI-CC-2015/36'}"
ANSSI-CC-2015/80,FR,{'ANSSI-CC-2015/36'}
BSI-DSZ-CC-0958-2015,DE,set()
ANSSI-CC-2012/84,FR,{'ANSSI-CC-2011/07'}
ANSSI-CC-2012/29,FR,{'ANSSI-CC-2011/07'}
NSCIB-CC-2200052-01-CR,NL,"{'BSI-DSZ-CC-1149-2022', 'NSCIB-CC-0313985-CR'}"
ANSSI-CC-2015/41,FR,"{'ANSSI-CC-2015/15', 'BSI-DSZ-CC-0845-V2-2013'}"
ANSSI-CC-2015/09,FR,"{'ANSSI-CC-2014/48', 'ANSSI-CC-2014/06', 'BSI-DSZ-CC-0829-2012'}"
ANSSI-CC-2014/77,FR,{'BSI-DSZ-CC-0917-2014'}
ANSSI-CC-2014/76,FR,{'BSI-DSZ-CC-0917-2014'}
